month,margin_debt
1997-01,103337
1997-02,103886
1997-03,104835
1997-04,102842
1997-05,111097
1997-06,118843
1997-07,121090
1997-08,124404
1997-09,131962
1997-10,134491
1997-11,132741
1997-12,131560
1998-01,132912
1998-02,141328
1998-03,146536
1998-04,146589
1998-05,150293
1998-06,154357
1998-07,160980
1998-08,155879
1998-09,144541
1998-10,138399
1998-11,148697
1998-12,148674
1999-01,162322
1999-02,162909
1999-03,166212
1999-04,184329
1999-05,189950
1999-06,187695
1999-07,189503
1999-08,187616
1999-09,189741
1999-10,194259
1999-11,218304
1999-12,241967
2000-01,260409
2000-02,284206
2000-03,299933
2000-04,268716
2000-05,256862
2000-06,264471
2000-07,263729
2000-08,265166
2000-09,270208
2000-10,250965
2000-11,237913
2000-12,210385
2001-01,208687
2001-02,198887
2001-03,174797
2001-04,176096
2001-05,183041
2001-06,179585
2001-07,173680
2001-08,169316
2001-09,157931
2001-10,152367
2001-11,159440
2001-12,160473
2002-01,160906
2002-02,154931
2002-03,160089
2002-04,159072
2002-05,157802
2002-06,153972
2002-07,143905
2002-08,139146
2002-09,136107
2002-10,138647
2002-11,139472
2002-12,139451
2003-01,141391
2003-02,140516
2003-03,144267
2003-04,143237
2003-05,153725
2003-06,168281
2003-07,174427
2003-08,167200
2003-09,171194
2003-10,175428
2003-11,182587
2003-12,181459
2004-01,189429
2004-02,190448
2004-03,191451
2004-04,198778
2004-05,193843
2004-06,193993
2004-07,187844
2004-08,187828
2004-09,193668
2004-10,197999
2004-11,211012
2004-12,217573
2005-01,220122
2005-02,223155
2005-03,226876
2005-04,217447
2005-05,219404
2005-06,224153
2005-07,233585
2005-08,231400
2005-09,244669
2005-10,239868
2005-11,242904
2005-12,244098
2006-01,255795
2006-02,249609
2006-03,259370
2006-04,265164
2006-05,255608
2006-06,251495
2006-07,256016
2006-08,249368
2006-09,261769
2006-10,267710
2006-11,294899
2006-12,303288
2007-01,311506
2007-02,321171
2007-03,317737
2007-04,342084
2007-05,382312
2007-06,408444
2007-07,416403
2007-08,362475
2007-09,359104
2007-10,376979
2007-11,379593
2007-12,355292
2008-01,365592
2008-02,377088
2008-03,349419
2008-04,332303
2008-05,341610
2008-06,346892
2008-07,343297
2008-08,324814
2008-09,345745
2008-10,277568
2008-11,227334
2008-12,210185
2009-01,205007
2009-02,199655
2009-03,203967
2009-04,208010
2009-05,214401
2009-06,217140
2009-07,228734
2009-08,236251
2009-09,254107
2009-10,265404
2009-11,250988
2009-12,262399
2010-01,266455
2010-02,263657
2010-03,277798
2010-04,295550
2010-05,268566
2010-06,263202
2010-07,267468
2010-08,268371
2010-09,288540
2010-10,303428
2010-11,309340
2010-12,313678
2011-01,326868
2011-02,348979
2011-03,355413
2011-04,360883
2011-05,355736
2011-06,345273
2011-07,344572
2011-08,308866
2011-09,298277
2011-10,317028
2011-11,303930
2011-12,301616
2012-01,309844
2012-02,323021
2012-03,330815
2012-04,335154
2012-05,315147
2012-06,320952
2012-07,313525
2012-08,320395
2012-09,339159
2012-10,342325
2012-11,351441
2012-12,355009
2013-01,388123
2013-02,390351
2013-03,403933
2013-04,408677
2013-05,401606
2013-06,407681
2013-07,412101
2013-08,414442
2013-09,432852
2013-10,445022
2013-11,456378
2013-12,478502
2014-01,487549
2014-02,502093
2014-03,487932
2014-04,475195
2014-05,475362
2014-06,502270
2014-07,498671
2014-08,501000
2014-09,503901
2014-10,492888
2014-11,496341
2014-12,495756
2015-01,485872
2015-02,504923
2015-03,518055
2015-04,549964
2015-05,541671
2015-06,547957
2015-07,530744
2015-08,515960
2015-09,497279
2015-10,513941
2015-11,515410
2015-12,503444
2016-01,487200
2016-02,474156
2016-03,483909
2016-04,495178
2016-05,489867
2016-06,487636
2016-07,513221
2016-08,510157
2016-09,540615
2016-10,523760
2016-11,539972
2016-12,529372
2017-01,553557
2017-02,568637
2017-03,577674
2017-04,590797
2017-05,582764
2017-06,584258
2017-07,594414
2017-08,596567
2017-09,606334
2017-10,607838
2017-11,627422
2017-12,642798
2018-01,665716
2018-02,645064
2018-03,645235
2018-04,652303
2018-05,668940
2018-06,646931
2018-07,652790
2018-08,652395
2018-09,648126
2018-10,607645
2018-11,592593
2018-12,554285
2019-01,568433
2019-02,581205
2019-03,574013
2019-04,588721
2019-05,568751
2019-06,596304
2019-07,602139
2019-08,564894
2019-09,555910
2019-10,554604
2019-11,563482
2019-12,579221
2020-01,561812
2020-02,545127
2020-03,479291
2020-04,524696
2020-05,552543
2020-06,584676
2020-07,613830
2020-08,645547
2020-09,654324
2020-10,659313
2020-11,722118
2020-12,778037
2021-01,798605
2021-02,813680
2021-03,822551
2021-04,847186
2021-05,861626
2021-06,882103
2021-07,844324
2021-08,911545
2021-09,903117
2021-10,935862
2021-11,918598
2021-12,910021
2022-01,829637
2022-02,835255
2022-03,799660
2022-04,772940
2022-05,752944
2022-06,683445
2022-07,696781
2022-08,687787
2022-09,664009
2022-10,649618
2022-11,643783
2022-12,606659
2023-01,641228
2023-02,624379
2023-03,645429
2023-04,631949
2023-05,644170
2023-06,681228
2023-07,709834
2023-08,689185
2023-09,680846
2023-10,635276
2023-11,660887
2023-12,700774
2024-01,701975
2024-02,742963
2024-03,784136
2024-04,775464
2024-05,809431
2024-06,809322
2024-07,810835
2024-08,797162
2024-09,813211
2024-10,815369
2024-11,890852
2024-12,899168
2025-01,937253
2025-02,918144
2025-03,880316
2025-04,850558
2025-05,920960
2025-06,1007961
2025-07,1022548
2025-08,1059723
2025-09,1126494
2025-10,1183654
2025-11,1214321
2025-12,1225597
2026-01,1279042
2026-02,1253192
2026-03,1220922
2026-04,1304281
2026-05,1415557
2026-06,1502072
2026-07,1417225
2026-08,1453832
