date,port_ret,port_ret_gross,bench_ret,excess,turnover,n_hold,equity,bench_equity
2018-01-02,0.0,0.0,,,0.0,0,20000.0,20000.0
2018-01-03,-0.0011741553403573626,-0.00017415534035736258,0.009764267296738849,-0.010938422637096212,0.5,1,19976.516893192853,20195.285345934775
2018-01-04,0.004644951518347318,0.004644951518347318,0.0017581542387437032,0.0028867972796036145,0.0,1,20069.30684566718,20230.791772468372
2018-01-05,0.011385308912226666,0.011385308912226666,0.010091644202432137,0.0012936647097945286,0.0,1,20297.802103759368,20434.953724969615
2018-01-08,-0.001,0.0,0.003909451457971391,-0.004909451457971391,0.5,0,20277.50430165561,20514.843184603273
2018-01-09,-0.0011147117989157565,-0.00011471179891575645,6.181312920294779e-05,-0.0011765249281187043,0.5,1,20254.90072835799,20516.11127125562
2018-01-10,-0.00022944989388362647,-0.00022944989388362647,-0.0023487537389521584,0.002119303845068532,0.0,1,20250.253243535244,20467.923978198498
2018-01-11,0.005680188210622994,0.005680188210622994,0.006876985649934886,-0.0011967974393118919,0.0,1,20365.278493271304,20608.681597680526
2018-01-12,-0.001,0.0,0.007383800784729999,-0.00838380078473,0.5,0,20344.91321477803,20760.85199703373
2018-01-16,0.0,0.0,-0.0028707912888484843,0.0028707912888484843,0.0,0,20344.91321477803,20701.251923971573
2018-01-17,0.0,0.0,0.01084240411628623,-0.01084240411628623,0.0,0,20344.91321477803,20925.70326304432
2018-01-18,0.0,0.0,0.00018179842795418288,-0.00018179842795418288,0.0,0,20344.91321477803,20929.50752300138
2018-01-19,0.0,0.0,0.003150600002666648,-0.003150600002666648,0.0,0,20344.91321477803,20995.44802945916
2018-01-22,0.0,0.0,0.01075087444708922,-0.01075087444708922,0.0,0,20344.91321477803,21221.167455184263
2018-01-23,-0.0007740112994351058,0.00022598870056489417,0.00830604849558192,-0.009080059795017026,0.5,1,20329.166022063764,21397.431501199888
2018-01-24,-0.015928603717469514,-0.015928603717469514,-0.006518984898811531,-0.009409618818657983,0.0,1,20005.350792591664,21257.941968370207
2018-01-25,-0.01785099299143489,-0.01785099299143489,-0.00035791422920594673,-0.017493078762228942,0.0,1,19648.235415801915,21250.333448456095
2018-01-26,0.0023376775174011044,0.0023376775174011044,0.015395822353095445,-0.01305814483569434,0.0,1,19694.16665399004,21577.499807172568
2018-01-29,-0.020698501538987557,-0.020698501538987557,-0.004877821521909964,-0.015820680017077593,0.0,1,19286.52691519335,21472.248614224136
2018-01-30,-0.0058942605573423235,-0.0058942605573423235,-0.008267980492288607,0.0023737199349462834,0.0,1,19172.847100309005,21294.71648155616
2018-01-31,0.0027549859384901065,0.0027549859384901065,0.00416845495035667,-0.0014134690118665638,0.0,1,19225.668024471175,21383.482547890144
2018-02-01,0.002090425843229049,0.002090425843229049,-0.008539510758756363,0.010629936601985412,0.0,1,19265.857857762872,21200.878068612757
2018-02-02,-0.043390153773351425,-0.043390153773351425,-0.020037331955879978,-0.023352821817471447,0.0,1,18429.90932273901,20776.06903699583
2018-02-05,-0.0249844236830149,-0.0249844236830149,-0.039612317521133145,0.014627893838118244,0.0,1,17969.448659780155,19953.08079346137
2018-02-06,-0.001,0.0,0.026628885877397757,-0.027628885877397757,0.5,0,17951.479211120375,20484.409104812945
2018-02-07,-0.022407102993886596,-0.021407102993886595,-0.013000042990715222,-0.009407060003171375,0.5,1,17549.238567544184,20218.110905810976
2018-02-08,-0.02751661024814145,-0.02751661024814145,-0.04239894554319912,0.01488233529505767,0.0,1,17066.34300972942,19360.88432252914
2018-02-09,-0.001,0.0,0.017356798361318093,-0.018356798361318094,0.5,0,17049.276666719692,19696.92728781208
2018-02-12,0.0,0.0,0.017833238669477502,-0.017833238669477502,0.0,0,17049.276666719692,20048.18729319098
2018-02-13,0.009017823103868339,0.01001782310386834,0.005186658755803597,0.0038311643480647417,0.5,1,17203.024027749078,20152.1703993532
2018-02-14,0.01843738591668198,0.01843738591668198,0.018814743243570797,-0.0003773573268888164,0.0,1,17520.20282068264,20531.328311217716
2018-02-15,0.03357829957354186,0.03357829957354186,0.018652576492692363,0.014925723080849496,0.0,1,18108.501439584736,20914.290483039287
2018-02-16,-0.0032371813449278974,-0.0032371813449278974,-0.004486808338991843,0.001249626994063946,0.0,1,18049.88093653991,20820.45207009589
2018-02-20,-0.0033636838162486304,-0.0033636838162486304,0.002009891994099622,-0.005373575810348252,0.0,1,17989.166844148458,20862.29893002511
2018-02-21,-0.004538842015949451,-0.004538842015949451,-0.0028568315215847795,-0.0016820104943646719,0.0,1,17907.51685784431,20802.698856829087
2018-02-22,0.008359151233546358,0.008359151233546358,-0.00012191558999907759,0.008481066823545436,0.0,1,18057.20849947631,20800.162683524384
2018-02-23,-0.001,0.0,0.02054528185945359,-0.02154528185945359,0.5,0,18039.151290976835,21227.507888579883
2018-02-26,0.0,0.0,0.013321550837094964,-0.013321550837094964,0.0,0,18039.151290976835,21510.291214062432
2018-02-27,0.0,0.0,-0.012438989451966753,0.012438989451966753,0.0,0,18039.151290976835,21242.724928541975
2018-02-28,0.0,0.0,-0.0064470711731037245,0.0064470711731037245,0.0,0,18039.151290976835,21105.771569016997
2018-03-01,0.0,0.0,-0.01640251139379445,0.01640251139379445,0.0,0,18039.151290976835,20759.583910381374
2018-03-02,0.0059142857008839264,0.0069142857008839265,0.009223743918494565,-0.003309458217610638,0.5,1,18145.839985513143,20951.064996225232
2018-03-05,0.003461778570609031,0.003461778570609031,0.011136805972159936,-0.007675027401550905,0.0,1,18208.656865520694,21184.392941998307
2018-03-06,-0.0008483203438442999,-0.0008483203438442999,0.004250022798994113,-0.005098343142838413,0.0,1,18193.210091467594,21274.42709498465
2018-03-07,-0.009282843715292977,-0.009282843715292977,0.0023246397951177666,-0.011607483510410743,0.0,1,18024.32536550901,21323.882474827984
2018-03-08,0.01091241501352358,0.01091241501352358,0.005530515362061061,0.005381899651462518,0.0,1,18221.014284236222,21441.814534433805
2018-03-09,0.01718096529444124,0.01718096529444124,0.019516473182954908,-0.002335507888513666,0.0,1,18534.068898283203,21860.283132788973
2018-03-12,-0.001,0.0,0.005336800631123406,-0.006336800631123406,0.5,0,18515.53482938492,21976.94710560858
2018-03-13,0.0,0.0,-0.013675081322214622,0.013675081322214622,0.0,0,18515.53482938492,21676.410566725375
2018-03-14,0.0,0.0,-0.00017550230216145657,0.00017550230216145657,0.0,0,18515.53482938492,21672.606306768317
2018-03-15,0.00017686616036594136,0.0011768661603659414,-0.0008776655493073493,0.0010545317096732907,0.5,1,18518.80960093732,21653.585006849164
2018-03-16,-0.0035264483472685626,-0.0035264483472685626,-0.002986684174981158,-0.0005397641722874047,0.0,1,18453.50397542671,21588.912587177598
2018-03-19,-0.015279182123987267,-0.015279182123987267,-0.02143550958313989,0.006156327459152622,0.0,1,18171.549527360443,21126.143244525585
2018-03-20,-0.0003422703863175114,-0.0003422703863175114,0.0033066958737661967,-0.003648966260083708,0.0,1,18165.329944083725,21196.000975220853
2018-03-21,-0.02265464507413295,-0.02265464507413295,-0.004374422371069109,-0.018280222703063842,0.0,1,17753.80084154599,21103.28071437764
2018-03-22,-0.014129736670898452,-0.014129736670898452,-0.024796993294031733,0.010667256623133281,0.0,1,17502.94431074737,20579.982804021147
2018-03-23,-0.023156647911524275,-0.023156647911524275,-0.02647671308446442,0.0033200651729401454,0.0,1,17097.634791928376,20035.09250403587
2018-03-26,0.047471807940064226,0.047471807940064226,0.03734012155544608,0.010131686384618144,0.0,1,17909.29042700016,20783.20529351118
2018-03-27,-0.025641025649885796,-0.025641025649885796,-0.03251253923853792,0.006871513588652123,0.0,1,17450.077851790193,20107.490515903308
2018-03-28,-0.011049067356265319,-0.011049067356265319,-0.011559658435932652,0.000510591079667333,0.0,1,17257.27076623369,19875.05479353571
2018-03-29,0.007808745782563742,0.007808745782563742,0.018405004908337297,-0.010596259125773555,0.0,1,17392.028406548077,20240.85527456421
2018-04-02,-0.006556204541024235,-0.006556204541024235,-0.02899111378260444,0.022434909241580203,0.0,1,17278.002710931443,19654.050336242086
2018-04-03,0.010259179264484608,0.010259179264484608,0.01130935323814164,-0.0010501739736570315,0.0,1,17455.26083807514,19876.324934054865
2018-04-04,0.01912227566726199,0.01912227566726199,0.015847741463018483,0.0032745342042435066,0.0,1,17789.045147664776,20191.31979284471
2018-04-05,0.006934327850134592,0.006934327850134592,0.005724380181341582,0.00120994766879301,0.0,1,17912.400218859526,20306.902583702
2018-04-06,-0.02557870372591331,-0.02557870372591331,-0.02514398750831759,-0.0004347162175957209,0.0,1,17454.224240641335,19796.306078804777
2018-04-09,0.00991804252688988,0.00991804252688988,0.007057653128225594,0.002860389398664287,0.0,1,17627.33597893389,19936.021540329166
2018-04-10,0.018817994707792884,0.018817994707792884,0.022171370241899302,-0.0033533755341064175,0.0,1,17959.047094097954,20378.030455050284
2018-04-11,-0.004675324661873814,-0.004675324661873814,-0.005796589238102112,0.001121264576228298,0.0,1,17875.082718315163,20259.90738302082
2018-04-12,0.009858501495455307,0.009858501495455307,0.012099617403294127,-0.00224111590783882,0.0,1,18051.30424802506,20505.04451098155
2018-04-13,0.003388078571008757,0.003388078571008757,-0.005203198017851185,0.008591276588859942,0.0,1,18112.463485126555,20398.352704026063
2018-04-16,0.006238196075185609,0.006238196075185609,0.007658818879918927,-0.001420622804733318,0.0,1,18225.452583751412,20554.579992834904
2018-04-17,0.013764076894434263,0.013764076894434263,0.02162774408012158,-0.007863667185687317,0.0,1,18476.309114550033,20999.129188594325
2018-04-18,-0.001,0.0,0.0020565033245909525,-0.0030565033245909526,0.5,0,18457.832805435482,21042.31396758418
2018-04-19,0.0,0.0,-0.009235272598231759,0.009235272598231759,0.0,0,18457.832805435482,20847.982461995958
2018-04-20,-0.04197222223702857,-0.040972222237028566,-0.01590113990860975,-0.026071082328418815,0.5,1,17683.116544911827,20516.47577605552
2018-04-23,-0.0028964518362400993,-0.0028964518362400993,-0.0025382411479411005,-0.0003582106882989988,0.0,1,17631.89824952487,20464.400013029994
2018-04-24,-0.013919147919051023,-0.013919147919051023,-0.02128858953012225,0.007369441611071226,0.0,1,17386.477249696076,20028.74180117237
2018-04-25,-0.001,0.0,0.001204901980696782,-0.002204901980696782,0.5,0,17369.09077244638,20052.874471839466
2018-04-26,0.0,0.0,0.02115541826082823,-0.02115541826082823,0.0,0,17369.09077244638,20477.101418623115
2018-04-27,0.0,0.0,0.0006202736087235206,-0.0006202736087235206,0.0,0,17369.09077244638,20489.80282421624
2018-04-30,0.0,0.0,-0.00712872473723325,0.00712872473723325,0.0,0,17369.09077244638,20343.73665996222
2018-05-01,0.0,0.0,0.01148785332768787,-0.01148785332768787,0.0,0,17369.09077244638,20577.44252284897
2018-05-02,0.043175044356793646,0.04417504435679365,-0.0059255902955575035,0.04910063465235115,0.5,1,18119.002036983926,20455.50902912818
2018-05-03,-0.001,0.0,-0.00012418566727878666,-0.0008758143327212134,0.5,0,18100.883034946943,20452.968748089876
2018-05-04,0.0,0.0,0.019064868112704136,-0.019064868112704136,0.0,0,18100.883034946943,20842.90189978547
2018-05-07,0.0,0.0,0.008348609874435642,-0.008348609874435642,0.0,0,18100.883034946943,21016.911156397913
2018-05-08,0.0,0.0,-0.0010273816801263935,0.0010273816801263935,0.0,0,18100.883034946943,20995.318766902983
2018-05-09,0.0,0.0,0.010949842855343395,-0.010949842855343395,0.0,0,18100.883034946943,21225.214208098416
2018-05-10,0.0,0.0,0.010412354623460018,-0.010412354623460018,0.0,0,18100.883034946943,21446.21866539204
2018-05-11,0.0,0.0,-0.0009475912417403753,0.0009475912417403753,0.0,0,18100.883034946943,21425.896416416264
2018-05-14,0.0,0.0,0.0017191381655334848,-0.0017191381655334848,0.0,0,18100.883034946943,21462.730492676495
2018-05-15,0.0,0.0,-0.011125631250819223,0.011125631250819223,0.0,0,18100.883034946943,21223.944067579265
2018-05-16,0.00833276122615978,0.00933276122615978,0.00664276166553357,0.0016899995606262097,0.5,1,18251.7133712598,21364.92966962281
2018-05-17,-0.001,0.0,-0.0038642362834283572,0.002864236283428357,0.5,0,18233.46165788854,21282.37053320056
2018-05-18,-0.004636558113843669,-0.0036365581138436687,-0.0051921955063432,0.0005556373924995315,0.5,1,18148.9211532952,21171.868304553744
2018-05-21,0.007084965930853393,0.007084965930853393,0.005639238397151747,0.0014457275337016462,0.0,1,18277.505641348038,21291.261517236224
2018-05-22,-0.001,0.0,-0.0013124207006616206,0.0003124207006616206,0.5,0,18259.22813570669,21263.318424877805
2018-05-23,0.005411626415929961,0.006411626415929961,0.008482211283866281,-0.0030705848679363204,0.5,1,18358.040257020377,21443.678384353745
2018-05-24,-0.001,0.0,-0.00029615734528687376,-0.0007038426547131263,0.5,0,18339.682216763355,21437.32768149025
2018-05-25,0.0,0.0,0.0010072332622674818,-0.0010072332622674818,0.0,0,18339.682216763355,21458.920070985172
2018-05-29,0.0,0.0,-0.004439204841921063,0.004439204841921063,0.0,0,18339.682216763355,21363.659529103657
2018-05-30,0.0,0.0,0.007193852131340384,-0.007193852131340384,0.0,0,18339.682216763355,21517.34653674033
2018-05-31,0.0,0.0,-0.0006493154761635367,0.0006493154761635367,0.0,0,18339.682216763355,21503.374990628046
2018-06-01,0.01703392731444542,0.01803392731444542,0.01577089779957297,0.001263029514872449,0.5,1,18652.079030613728,21842.502519951136
2018-06-04,-0.001,0.0,0.009071393128995187,-0.010071393128995187,0.5,0,18633.426951583115,22040.64444723068
2018-06-05,0.0,0.0,0.003111868636160864,-0.003111868636160864,0.0,0,18633.426951583115,22109.232037406793
2018-06-06,0.0,0.0,0.005859739350076776,-0.005859739350076776,0.0,0,18633.426951583115,22238.786374376366
2018-06-07,0.0,0.0,-0.008167266726585853,0.008167266726585853,0.0,0,18633.426951583115,22057.15627438127
2018-06-08,0.0,0.0,5.758406193523413e-05,-5.758406193523413e-05,0.0,0,18633.426951583115,22058.426415034286
2018-06-11,-0.0034517475188733373,-0.0024517475188733373,0.002706294871225312,-0.006158042390098649,0.5,1,18569.10906633488,22118.123021308595
2018-06-12,0.005490770271119549,0.005490770271119549,0.005283130547012016,0.0002076397241075334,0.0,1,18671.067778357487,22234.97595268504
2018-06-13,-0.001,0.0,-5.712353914200108e-05,-0.0009428764608579989,0.5,0,18652.396710579127,22233.70581216588
2018-06-14,-0.0004756161398792305,0.0005243838601207695,0.010168571157141981,-0.010644187297021213,0.5,1,18643.525329656146,22459.790831803854
2018-06-15,-0.010272536705441815,-0.010272536705441815,-0.003506208731891558,-0.006766327973550257,0.0,1,18452.00903138842,22381.042117072924
2018-06-18,-0.0005295488131638049,-0.0005295488131638049,-0.0005779925484694637,4.844373530565882e-05,0.0,1,18442.23779190536,22368.106041502273
2018-06-19,-0.016159796539994997,-0.016159796539994997,-0.0028452606584227214,-0.013314535881572276,0.0,1,18144.214981445966,22304.46294937896
2018-06-20,0.004362108880873405,0.004362108880873405,0.007133448168481937,-0.002771339287608532,0.0,1,18223.36202275301,22463.57067975418
2018-06-21,-0.0055764075113211575,-0.0055764075113211575,-0.00872616053558517,0.0031497530242640126,0.0,1,18121.741129887803,22267.54995580018
2018-06-22,-0.0029116790614381882,-0.0029116790614381882,-0.0022293252723405432,-0.000682353789097645,0.0,1,18068.976435683107,22217.90834393061
2018-06-25,-0.014871295701315401,-0.014871295701315401,-0.02262951221418985,0.00775821651287445,0.0,1,17800.267344087963,21715.12791568788
2018-06-26,0.012405994408017929,0.012405994408017929,0.004103145480818249,0.00830284892719968,0.0,1,18021.09736121994,21804.228244660528
2018-06-27,-0.0014639700665023403,-0.0014639700665023403,-0.013660179484877744,0.012196209418375403,0.0,1,17994.71501411759,21506.378573309223
2018-06-28,0.007276281487466507,0.007276281487466507,0.008641056352375998,-0.0013647748649094904,0.0,1,18125.64962584705,21692.21640249672
2018-06-29,-0.002102425886339465,-0.002102425886339465,0.002699200658917267,-0.004801626545256732,0.0,1,18087.54179086695,21750.768047303718
2018-07-02,0.011182540131034369,0.011182540131034369,0.006729836465186656,0.004452703665847713,0.0,1,18289.80645281508,21897.147159254284
2018-07-03,-0.01741639064687328,-0.01741639064687328,-0.011625823533519264,-0.005790567113354017,0.0,1,17971.26403877715,21642.574790493287
2018-07-05,0.008046976955811358,0.008046976955811358,0.012468327525254175,-0.004421350569442817,0.0,1,18115.87838636399,21912.42150147097
2018-07-06,0.013861920157707042,0.013861920157707042,0.015625832858389144,-0.001763912700682102,0.0,1,18366.9992461425,22254.821337375524
2018-07-09,0.013885194458555405,0.013885194458555405,0.00903679110047162,0.004848403358083786,0.0,1,18622.02860229533,22455.933508779708
2018-07-10,-0.001,0.0,0.0007368744615063871,-0.0017368744615063872,0.5,0,18603.40657369303,22472.480712691613
2018-07-11,-0.01397609666090971,-0.012976096660909708,-0.005097682246140933,-0.008878414414768776,0.5,1,18343.403565196895,22357.92314673578
2018-07-12,0.016766020870261356,0.016766020870261356,0.017307063721979432,-0.0005410428517180765,0.0,1,18650.949452202614,22744.873147327453
2018-07-13,-0.001,0.0,0.0008394387362105071,-0.0018394387362105072,0.5,0,18632.29850275041,22763.966074897515
2018-07-16,0.0,0.0,-0.002404372732751181,0.002404372732751181,0.0,0,18632.29850275041,22709.23301557776
2018-07-17,0.0,0.0,0.006109494798036907,-0.006109494798036907,0.0,0,18632.29850275041,22847.97495655384
2018-07-18,0.0,0.0,-0.0018941417203319766,0.0018941417203319766,0.0,0,18632.29850275041,22804.69765396353
2018-07-19,0.0,0.0,-0.005023419634590964,0.005023419634590964,0.0,0,18632.29850275041,22690.140088007698
2018-07-20,0.0,0.0,-0.00022439030479481925,0.00022439030479481925,0.0,0,18632.29850275041,22685.04864055751
2018-07-23,0.0,0.0,0.0031982794634561884,-0.0031982794634561884,0.0,0,18632.29850275041,22757.601765752108
2018-07-24,0.0,0.0,0.004138914873032862,-0.004138914873032862,0.0,0,18632.29850275041,22851.79354217494
2018-07-25,0.0,0.0,0.01403658684751985,-0.01403658684751985,0.0,0,18632.29850275041,23172.554726851267
2018-07-26,0.0,0.0,-0.015215531259329396,0.015215531259329396,0.0,0,18632.29850275041,22819.97199604634
2018-07-27,0.0,0.0,-0.013554154585918798,0.013554154585918798,0.0,0,18632.29850275041,22510.666567965593
2018-07-30,-0.006602680927914161,-0.005602680927914161,-0.014192752655669771,0.00759007172775561,0.5,1,18509.275380783096,22191.178245252202
2018-07-31,0.0020009478375606626,0.0020009478375606626,0.007686094225632045,-0.005685146388071383,0.0,1,18546.31147533109,22361.741732223007
2018-08-01,0.0589100845977244,0.0589100845977244,0.0038137343969220083,0.05509635020080239,0.0,1,19638.87625331859,22447.02347584227
2018-08-02,-0.001,0.0,0.013665941260268655,-0.014665941260268656,0.5,0,19619.237377065274,22753.783180131002
2018-08-03,0.0,0.0,0.00307673677156739,-0.00307673677156739,0.0,0,19619.237377065274,22823.790581533583
2018-08-06,0.0,0.0,0.00591152267222439,-0.00591152267222439,0.0,0,19619.237377065274,22958.713937022418
2018-08-07,0.0,0.0,0.0036591283765619043,-0.0036591283765619043,0.0,0,19619.237377065274,23042.722818678743
2018-08-08,0.0,0.0,0.0012152626606543038,-0.0012152626606543038,0.0,0,19619.237377065274,23070.72577932009
2018-08-09,0.0,0.0,-0.0006068937920580275,0.0006068937920580275,0.0,0,19619.237377065274,23056.72429906635
2018-08-10,0.0,0.0,-0.0076735877173627065,0.0076735877173627065,0.0,0,19619.237377065274,22879.79650268242
2018-08-13,0.0,0.0,-0.0011126513667348847,0.0011126513667348847,0.0,0,19619.237377065274,22854.339265833096
2018-08-14,0.0,0.0,0.00629348267825125,-0.00629348267825125,0.0,0,19619.237377065274,22998.172654125494
2018-08-15,0.0,0.0,-0.012286860070066963,0.012286860070066963,0.0,0,19619.237377065274,22715.59732485701
2018-08-16,0.0,0.0,0.003306047724775718,-0.003306047724775718,0.0,0,19619.237377065274,22790.696173709777
2018-08-17,0.0,0.0,0.00022340025409972597,-0.00022340025409972597,0.0,0,19619.237377065274,22795.787621026095
2018-08-20,0.0,0.0,-0.0008934014420375336,0.0008934014420375336,0.0,0,19619.237377065274,22775.421831493084
2018-08-21,0.0,0.0,0.003688576320468373,-0.003688576320468373,0.0,0,19619.237377065274,22859.43071314941
2018-08-22,-0.0009534970350296703,4.6502964970329685e-05,0.003897749258263694,-0.0048512462932933645,0.5,1,19600.530492396698,22948.53104225592
2018-08-23,0.0020460358040861326,0.0020460358040861326,-0.0014421144384682005,0.003488150242554333,0.0,1,19640.633879563222,22915.436634298247
2018-08-24,-0.001,0.0,0.009331735338125036,-0.010331735338125037,0.5,0,19620.99324568366,23129.277424127093
2018-08-27,0.0,0.0,0.01023604406418599,-0.01023604406418599,0.0,0,19620.99324568366,23366.02972701324
2018-08-28,0.0,0.0,0.0014708219662591393,-0.0014708219662591393,0.0,0,19620.99324568366,23400.3969968
2018-08-29,0.0,0.0,0.011586109964024649,-0.011586109964024649,0.0,0,19620.99324568366,23671.516569606752
2018-08-30,0.0,0.0,-0.0017744718962798833,0.0017744718962798833,0.0,0,19620.99324568366,23629.512128711664
2018-08-31,0.0,0.0,0.001292819087127528,-0.001292819087127528,0.0,0,19620.99324568366,23660.060813011176
2018-09-04,0.0,0.0,-0.004303832874139268,0.004303832874139268,0.0,0,19620.99324568366,23558.23186548
2018-09-05,0.0,0.0,-0.012967307747791867,0.012967307747791867,0.0,0,19620.99324568366,23252.745022886487
2018-09-06,0.0,0.0,-0.00897740641688538,0.00897740641688538,0.0,0,19620.99324568366,23043.995680507825
2018-09-07,-0.009068130871735192,-0.00806813087173519,-0.0038665312304329014,-0.00520159964130229,0.5,1,19443.06751109837,22954.895351535182
2018-09-10,-0.01342069590154138,-0.01342069590154138,0.003382484266993835,-0.016803180168535214,0.0,1,19182.128014638776,23032.53992391224
2018-09-11,0.025282828752853703,0.025282828752853703,0.007736908686653665,0.017545920066200038,0.0,1,19667.10647234821,23210.740582125254
2018-09-12,-0.012419030611165893,-0.012419030611165893,-0.002961324707856594,-0.0094577059033093,0.0,1,19422.860075035056,23142.00604255176
2018-09-13,0.024155244957369648,0.024155244957369648,0.01072543404514481,0.013429810912224838,0.0,1,19892.024017920245,23390.21410203349
2018-09-14,-0.001,0.0,-0.00293860241183197,0.0019386024118319698,0.5,0,19872.131993902323,23321.479562459986
2018-09-17,-0.02762616153078723,-0.02662616153078723,-0.014463421485967576,-0.013162740044819654,0.5,1,19323.141265477654,22984.171173871753
2018-09-18,0.0016522856517346973,0.0016522856517346973,0.008306989849376167,-0.00665470419764147,0.0,1,19355.068614537046,23175.100450509428
2018-09-19,0.0005956744982551498,0.0005956744982551498,-0.0007689315484479264,0.0013646060467030763,0.0,1,19366.597935322705,23157.28038463458
2018-09-20,0.007601776788837222,0.007601776788837222,0.011103121271086591,-0.003501344482249369,0.0,1,19513.818489986184,23414.39847705373
2018-09-21,-0.010771258463170508,-0.010771258463170508,-0.0054905978616348605,-0.005280660601535647,0.0,1,19303.630107427147,23285.839430844157
2018-09-24,0.014380226052261413,0.014380226052261413,0.002791431228073238,0.011588794824188176,0.0,1,19581.220672001185,23350.840250203313
2018-09-25,0.006340866871753281,0.006340866871753281,0.0013652085543289783,0.004975658317424303,0.0,1,19705.382585468768,23382.719017063657
2018-09-26,-0.007966155094709992,-0.007966155094709992,0.0007089405925913006,-0.008675095687301293,0.0,1,19548.406451592327,23399.29597574001
2018-09-27,0.02055167409230485,0.02055167409230485,0.008501260268402477,0.012050413823902373,0.0,1,19950.158930009362,23598.21948092716
2018-09-28,0.0035118915308967047,0.0035118915308967047,-0.00021614353756138627,0.003728035068458091,0.0,1,20020.221724195708,23593.118878288402
2018-10-01,0.006733410105856263,0.006733410105856263,0.0020538075495883934,0.00467960255626787,0.0,1,20155.02608747489,23641.574603958965
2018-10-02,-0.001,0.0,-0.0022653452321382828,0.0012653452321382827,0.5,0,20134.871061387414,23588.018275649647
2018-10-03,0.0,0.0,0.001081185081488245,-0.001081185081488245,0.0,0,20134.871061387414,23613.52128911115
2018-10-04,0.0,0.0,-0.01927831030605065,0.01927831030605065,0.0,0,20134.871061387414,23158.29249828113
2018-10-05,-0.017228781966107554,-0.016228781966107553,-0.012278910475715055,-0.004949871490392499,0.5,1,19787.97175795508,22873.933897924315
2018-10-08,-0.002318427043243476,-0.002318427043243476,-0.006132157890506362,0.003813730847262886,0.0,1,19742.094789100498,22733.667323685237
2018-10-09,0.013853510306663486,0.013853510306663486,0.0032532691747018117,0.010600241131961674,0.0,1,20015.59210273643,22807.626062817308
2018-10-10,-0.046326089830384776,-0.046326089830384776,-0.04416807913102905,-0.002158010699355728,0.0,1,19088.347984976725,21800.25703008387
2018-10-11,-0.008827879462792176,-0.008827879462792176,-0.01245889410011014,0.003631014637317964,0.0,1,18919.838349821515,21528.649936390877
2018-10-12,0.03571928189184814,0.03571928189184814,0.027956751589736317,0.007762530302111825,0.0,1,19595.641389186992,22130.521054724948
2018-10-15,-0.021385799833788077,-0.021385799833788077,-0.012157725145348408,-0.00922807468843967,0.0,1,19176.572924823144,21861.464262418256
2018-10-16,0.02203717335260169,0.02203717335260169,0.029222676036911865,-0.007185502684310174,0.0,1,19599.17038667628,22500.31475025143
2018-10-17,-0.004321404461828937,-0.004321404461828937,0.00039670799649837996,-0.004718112458327317,0.0,1,19514.474444319152,22509.24080503659
2018-10-18,-0.02337357022090214,-0.02337357022090214,-0.02328318985650546,-9.038036439668051e-05,0.0,1,19058.35150557086,21985.15387784712
2018-10-19,0.015230071279351609,0.015230071279351609,-0.0009280085523216686,0.016158079831673278,0.0,1,19348.61155746764,21964.75146702437
2018-10-22,0.006110072512159892,0.006110072512159892,0.005166842437887897,0.0009432300742719946,0.0,1,19466.83297709338,22078.23987704185
2018-10-23,0.009426693848318513,0.009426693848318513,-0.003696383570956474,0.013123077419274987,0.0,1,19650.34085176479,21996.630233884716
2018-10-24,-0.03430162078775523,-0.03430162078775523,-0.045970427015146864,0.011668806227391637,0.0,1,18976.302311517422,20985.435749138745
2018-10-25,0.02189781020978443,0.02189781020978443,0.03475678058319076,-0.012858970373406331,0.0,1,19391.841778018523,21714.82193491421
2018-10-26,-0.015923566869535666,-0.015923566869535666,-0.025837941407215848,0.009914374537680182,0.0,1,19083.05448874279,21153.75563809177
2018-10-29,-0.018770226548604274,-0.018770226548604274,-0.020676077040056473,0.001905850491452199,0.0,1,18724.86123274973,20716.378956832054
2018-10-30,0.004994346035005259,0.004994346035005259,0.01655769727680312,-0.011563351241797859,0.0,1,18818.379669203536,21059.394488270817
2018-10-31,0.026066572903655327,0.026066572903655327,0.023614580335861612,0.002451992567793715,0.0,1,19308.910334779495,21556.70325123869
2018-11-01,0.015352279986293293,0.015352279986293293,0.013250344813300341,0.0021019351729929525,0.0,1,19605.34613246926,21842.337002355598
2018-11-02,-0.0663306633038867,-0.0663306633038867,-0.01564577914788523,-0.050684884156001475,0.0,1,18304.910519200286,21500.596621543056
2018-11-05,-0.02838827839399538,-0.02838827839399538,-0.002490922891677294,-0.025897355502318087,0.0,1,17785.265623404055,21447.040293233735
2018-11-06,0.010814028468318249,0.010814028468318249,0.0076103408247787385,0.00320368764353951,0.0,1,17977.595992172148,21610.25957954801
2018-11-07,0.030328311347336046,0.030328311347336046,0.03150959189538538,-0.001181280548049335,0.0,1,18522.826120699367,22291.190039652905
2018-11-08,-0.0034891491634744254,-0.0034891491634744254,-0.006406875327762629,0.0029177261642882035,0.0,1,18458.197217435143,22148.37316416139
2018-11-09,-0.01928150030071618,-0.01928150030071618,-0.016926493676101217,-0.0023550066246149637,0.0,1,18102.29548223649,21773.478865862282
2018-11-12,-0.05037413802790125,-0.05037413802790125,-0.030394922378703892,-0.019979215649197357,0.0,1,17190.407950992456,21111.67566582005
2018-11-13,-0.001,0.0,0.0008456036232757924,-0.0018456036232757924,0.5,0,17173.217543041465,21129.52777525649
2018-11-14,0.0,0.0,-0.007664351862317731,0.007664351862317731,0.0,0,17173.217543041465,20967.583639702312
2018-11-15,0.0,0.0,0.01757563252078631,-0.01757563252078631,0.0,0,17173.217543041465,21336.10218460257
2018-11-16,0.0,0.0,-0.0035261309262281104,0.0035261309262281104,0.0,0,17173.217543041465,21260.86829484428
2018-11-19,0.0,0.0,-0.03262717012695093,0.03262717012695093,0.0,0,17173.217543041465,20567.1863279417
2018-11-20,0.0,0.0,-0.01797979022332119,0.01797979022332119,0.0,0,17173.217543041465,20197.39263228135
2018-11-21,0.0,0.0,0.007639264853245065,-0.007639264853245065,0.0,0,17173.217543041465,20351.685863944327
2018-11-23,0.0,0.0,-0.007268070038669139,0.007268070038669139,0.0,0,17173.217543041465,20203.76838568019
2018-11-26,0.0,0.0,0.023226134812875943,-0.023226134812875943,0.0,0,17173.217543041465,20673.023833934116
2018-11-27,0.0,0.0,0.0033925025941561326,-0.0033925025941561326,0.0,0,17173.217543041465,20743.157120919786
2018-11-28,0.0,0.0,0.0323349647750073,-0.0323349647750073,0.0,0,17173.217543041465,21413.88637574717
2018-11-29,0.0,0.0,-0.0032751311877216027,0.0032751311877216027,0.0,0,17173.217543041465,21343.753088627633
2018-11-30,0.0,0.0,0.0072887079251349185,-0.0072887079251349185,0.0,0,17173.217543041465,21499.321470916835
2018-12-03,0.0,0.0,0.017556116831972446,-0.017556116831972446,0.0,0,17173.217543041465,21876.766070468384
2018-12-04,0.0,0.0,-0.038528299524615006,0.038528299524615006,0.0,0,17173.217543041465,21033.89147467544
2018-12-06,0.0,0.0,0.007092963715432887,-0.007092963715432887,0.0,0,17173.217543041465,21183.084103699668
2018-12-07,0.0,0.0,-0.0331683534960342,0.0331683534960342,0.0,0,17173.217543041465,20480.476082011934
2018-12-10,0.0,0.0,0.010522238991633737,-0.010522238991633737,0.0,0,17173.217543041465,20695.976546009304
2018-12-11,0.0,0.0,0.0033271267101782076,-0.0033271267101782076,0.0,0,17173.217543041465,20764.83468236875
2018-12-12,0.0,0.0,0.00884291639908552,-0.00884291639908552,0.0,0,17173.217543041465,20948.45637950577
2018-12-13,0.0,0.0,0.0003043543296621376,-0.0003043543296621376,0.0,0,17173.217543041465,20954.832132904612
2018-12-14,0.0,0.0,-0.024462642692657854,0.024462642692657854,0.0,0,17173.217543041465,20442.22156175274
2018-12-17,0.0,0.0,-0.02276807316179097,0.02276807316179097,0.0,0,17173.217543041465,19976.791565645213
2018-12-18,0.0,0.0,0.006319328927287149,-0.006319328927287149,0.0,0,17173.217543041465,20103.03148246038
2018-12-19,0.0,0.0,-0.024674567752352994,0.024674567752352994,0.0,0,17173.217543041465,19606.99787011873
2018-12-20,0.0,0.0,-0.014567949311210526,0.014567949311210526,0.0,0,17173.217543041465,19321.364119001824
2018-12-21,0.0,0.0,-0.031150549962575047,0.031150549962575047,0.0,0,17173.217543041465,18719.493000667753
2018-12-24,0.0,0.0,-0.024930288640542364,0.024930288640542364,0.0,0,17173.217543041465,18252.810636956492
2018-12-26,0.0,0.0,0.06277393850755786,-0.06277393850755786,0.0,0,17173.217543041465,19398.6114494709
2018-12-27,0.0,0.0,0.0038893988723602835,-0.0038893988723602835,0.0,0,17173.217543041465,19474.060386967827
2018-12-28,0.0,0.0,-0.0005253328931006385,0.0005253328931006385,0.0,0,17173.217543041465,19463.830022484322
2018-12-31,0.0,0.0,0.008475445264410242,-0.008475445264410242,0.0,0,17173.217543041465,19628.794648475672
2019-01-02,0.0,0.0,0.004039235492082183,-0.004039235492082183,0.0,0,17173.217543041465,19708.07997248659
2019-01-03,0.0,0.0,-0.032832754335458625,0.032832754335458625,0.0,0,17173.217543041465,19061.009424326367
2019-01-04,0.0,0.0,0.04300443534753895,-0.04300443534753895,0.0,0,17173.217543041465,19880.71737177364
2019-01-07,0.0,0.0,0.011964154404115357,-0.011964154404115357,0.0,0,17173.217543041465,20118.57334407412
2019-01-08,0.0,0.0,0.009089499557218161,-0.009089499557218161,0.0,0,17173.217543041465,20301.441107576942
2019-01-09,0.0,0.0,0.008188749782366278,-0.008188749782366278,0.0,0,17173.217543041465,20467.68452902833
2019-01-10,0.0,0.0,0.0028740229618160473,-0.0028740229618160473,0.0,0,17173.217543041465,20526.509124339966
2019-01-11,0.0,0.0,-0.003675682840469152,0.003675682840469152,0.0,0,17173.217543041465,20451.060186976898
2019-01-14,0.0,0.0,-0.008879195815893137,0.008879195815893137,0.0,0,17173.217543041465,20269.47121893411
2019-01-15,0.0,0.0,0.019620907305401447,-0.019620907305401447,0.0,0,17173.217543041465,20667.17663485032
2019-01-16,0.0,0.0,-0.0001856270314823938,0.0001856270314823938,0.0,0,17173.217543041465,20663.340248202472
2019-01-17,0.0,0.0,0.007921557136034041,-0.007921557136034041,0.0,0,17173.217543041465,20827.02607859992
2019-01-18,0.0,0.0,0.009946925605316626,-0.009946925605316626,0.0,0,17173.217543041465,21034.19095758374
2019-01-22,0.0,0.0,-0.020123489790725535,0.020123489790725535,0.0,0,17173.217543041465,20610.909630592636
2019-01-23,0.0,0.0,0.0013029365103296442,-0.0013029365103296442,0.0,0,17173.217543041465,20637.764337261437
2019-01-24,0.0,0.0,0.006506205346684446,-0.006506205346684446,0.0,0,17173.217543041465,20772.037869936143
2019-01-25,0.0,0.0,0.012004846794783086,-0.012004846794783086,0.0,0,17173.217543041465,21021.403002180155
2019-01-28,0.0,0.0,-0.012409937251120162,0.012409937251120162,0.0,0,17173.217543041465,20760.52870999259
2019-01-29,0.0,0.0,-0.00948600670942401,0.00948600670942401,0.0,0,17173.217543041465,20563.59419535841
2019-01-30,0.0,0.0,0.025559003250888335,-0.025559003250888335,0.0,0,17173.217543041465,21089.179166247526
2019-01-31,0.0,0.0,0.015038105267698665,-0.015038105267698665,0.0,0,17173.217543041465,21406.320462558913
2019-02-01,0.0,0.0,-0.00424148017933601,0.00424148017933601,0.0,0,17173.217543041465,21315.52597860445
2019-02-04,0.0,0.0,0.012478672802277657,-0.012478672802277657,0.0,0,17173.217543041465,21581.51545289991
2019-02-05,0.0,0.0,0.008888130814767026,-0.008888130814767026,0.0,0,17173.217543041465,21773.334785426196
2019-02-06,0.0,0.0,-0.002995341494080317,0.002995341494080317,0.0,0,17173.217543041465,21708.11621227891
2019-02-07,0.0,0.0,-0.0134900779951026,0.0134900779951026,0.0,0,17173.217543041465,21415.272031448516
2019-02-08,0.0,0.0,0.0019705681564243793,-0.0019705681564243793,0.0,0,17173.217543041465,21457.472284574855
2019-02-11,0.0,0.0,-0.0009535479557793991,0.0009535479557793991,0.0,0,17173.217543041465,21437.011555741705
2019-02-12,0.0,0.0,0.014853753802264835,-0.014853753802264835,0.0,0,17173.217543041465,21755.431647646998
2019-02-13,0.0,0.0,0.0007053662202585187,-0.0007053662202585187,0.0,0,17173.217543041465,21770.77719423839
2019-02-14,0.0,0.0,0.001233520801547039,-0.001233520801547039,0.0,0,17173.217543041465,21797.631900773333
2019-02-15,0.0,0.0,0.004224003780204155,-0.004224003780204155,0.0,0,17173.217543041465,21889.7051803217
2019-02-19,0.0,0.0,0.00198627840631338,-0.00198627840631338,0.0,0,17173.217543041465,21933.18422904194
2019-02-20,0.0,0.0,-0.00017491243440925786,0.00017491243440925786,0.0,0,17173.217543041465,21929.34784239409
2019-02-21,0.0,0.0,-0.0036738037165461312,0.0036738037165461312,0.0,0,17173.217543041465,21848.78372278927
2019-02-22,0.0,0.0,0.007433230007863001,-0.007433230007863001,0.0,0,17173.217543041465,22011.190757592816
2019-02-25,0.0,0.0,0.003660143628396284,-0.003660143628396284,0.0,0,17173.217543041465,22091.754877197636
2019-02-26,0.0,0.0,0.0010419416662481584,-0.0010419416662481584,0.0,0,17173.217543041465,22114.77319708473
2019-02-27,0.0,0.0,-0.0006360793697555156,0.0006360793697555156,0.0,0,17173.217543041465,22100.706446087243
2019-02-28,0.0,0.0,-0.0023144880975057847,0.0023144880975057847,0.0,0,17173.217543041465,22049.554624071305
2019-03-01,0.0,0.0,0.006959572139397352,-0.006959572139397352,0.0,0,17173.217543041465,22203.010090119107
2019-03-04,0.0,0.0,0.00017278678126420033,-0.00017278678126420033,0.0,0,17173.217543041465,22206.846476766957
2019-03-05,0.0,0.0,0.0007486133642984338,-0.0007486133642984338,0.0,0,17173.217543041465,22223.470818818387
2019-03-06,0.0,0.0,-0.005696714091652955,0.005696714091652955,0.0,0,17173.217543041465,22096.870059439385
2019-03-07,0.0,0.0,-0.012326788879982287,0.012326788879982287,0.0,0,17173.217543041465,21824.486607308274
2019-03-08,0.0,0.0,-0.0015234577946772188,0.0015234577946772188,0.0,0,17173.217543041465,21791.23792307154
2019-03-11,0.0,0.0,0.02089148020140419,-0.02089148020140419,0.0,0,17173.217543041465,22246.489138705478
2019-03-12,0.0,0.0,0.0055183706561330315,-0.0055183706561330315,0.0,0,17173.217543041465,22369.253511570496
2019-03-13,0.0,0.0,0.007546117371240113,-0.007546117371240113,0.0,0,17173.217543041465,22538.054524075833
2019-03-14,0.0,0.0,-0.0017021818115446896,0.0017021818115446896,0.0,0,17173.217543041465,22499.690657597348
2019-03-15,0.0,0.0,0.009321126826284276,-0.009321126826284276,0.0,0,17173.217543041465,22709.413127768974
2019-03-18,0.0,0.0,0.002393131057440101,-0.002393131057440101,0.0,0,17173.217543041465,22763.759729621277
2019-03-19,0.0,0.0,0.003376747339624453,-0.003376747339624453,0.0,0,17173.217543041465,22840.627194728124
2019-03-20,0.0,0.0,0.00398237022021708,-0.00398237022021708,0.0,0,17173.217543041465,22931.587028279493
2019-03-21,0.0,0.0,0.015698693723834145,-0.015698693723834145,0.0,0,17173.217543041465,23291.582989637896
2019-03-22,0.0,0.0,-0.022056503916749404,0.022056503916749404,0.0,0,17173.217543041465,22777.852098199655
2019-03-25,-0.013091075644197314,-0.012091075644197313,-0.0019123063036659005,-0.011178769340531414,0.5,1,16948.40165313125,22734.293868048302
2019-03-26,-0.001,0.0,0.004677221438985191,-0.005677221438985191,0.5,0,16931.45325147812,22840.627194728124
2019-03-27,0.0,0.0,-0.006450317974044939,0.006450317974044939,0.0,0,16931.45325147812,22693.29788659551
2019-03-28,0.0,0.0,0.0023146085448322307,-0.0023146085448322307,0.0,0,16931.45325147812,22745.823987794247
2019-03-29,0.0,0.0,0.007603672498999847,-0.007603672498999847,0.0,0,16931.45325147812,22918.77578411733
2019-04-01,0.005791260866399806,0.006791260866399806,0.013303835001187148,-0.007512574134787341,0.5,1,17029.507714104682,23223.68339557843
2019-04-02,0.014536707787308645,0.014536707787308645,0.003806355056311217,0.010730352730997428,0.0,1,17277.06069150634,23312.08098029736
2019-04-03,-0.001,0.0,0.005770315569437079,-0.006770315569437079,0.5,0,17259.783630814833,23446.59904413395
2019-04-04,0.0,0.0,-0.0003824806700807315,0.0003824806700807315,0.0,0,17259.783630814833,23437.631173220434
2019-04-05,0.0,0.0,0.005192795243466497,-0.005192795243466497,0.0,0,17259.783630814833,23559.337992894856
2019-04-08,0.0,0.0,0.0025557954011354855,-0.0025557954011354855,0.0,0,17259.783630814833,23619.55084059089
2019-04-09,0.0,0.0,-0.0035255999468382093,0.0035255999468382093,0.0,0,17259.783630814833,23536.27775340296
2019-04-10,0.0,0.0,0.005388758522827608,-0.005388758522827608,0.0,0,17259.783630814833,23663.109070742245
2019-04-11,0.0,0.0,-0.002382166863407642,0.002382166863407642,0.0,0,17259.783630814833,23606.73959642872
2019-04-12,0.0,0.0,0.004341554786871926,-0.004341554786871926,0.0,0,17259.783630814833,23709.229549726035
2019-04-15,0.0,0.0,0.00016210451885778632,-0.00016210451885778632,0.0,0,17259.783630814833,23713.072922974683
2019-04-16,0.0,0.0,0.0034576692374725937,-0.0034576692374725937,0.0,0,17259.783630814833,23795.064885746397
2019-04-17,0.0,0.0,0.003499594877667711,-0.003499594877667711,0.0,0,17259.783630814833,23878.33797293432
2019-04-18,0.0,0.0,0.0012876518467930254,-0.0012876518467930254,0.0,0,17259.783630814833,23909.084958923522
2019-04-22,0.0,0.0,0.0028399076826286507,-0.0028399076826286507,0.0,0,17259.783630814833,23976.984552982987
2019-04-23,0.0,0.0,0.012770110236369314,-0.012770110236369314,0.0,0,17259.783630814833,24283.173288860304
2019-04-24,0.0,0.0,-0.003165462116193396,0.003165462116193396,0.0,0,17259.783630814833,24206.305823753457
2019-04-25,0.0,0.0,0.004075243075121637,-0.004075243075121637,0.0,0,17259.783630814833,24304.952403935986
2019-04-26,-0.005773967263012491,-0.004773967263012491,0.0008960772567550013,-0.006670044519767492,0.5,1,17160.12620516383,24326.731519011668
2019-04-29,0.0015173763955285136,0.0015173763955285136,0.0019485397574610097,-0.00043116336193249616,0.0,1,17186.164575611834,24374.13312254554
2019-04-30,-0.01925614583499402,-0.01925614583499402,-0.007779001325482149,-0.011477144509511872,0.0,1,16855.225284199645,24184.526708677782
2019-05-01,0.04908556336428482,0.04908556336428482,-0.0032313466566631366,0.05231691002094796,0.0,1,17682.57351290652,24106.378119154713
2019-05-02,-0.001,0.0,-0.004357859219269011,0.0033578592192690113,0.5,0,17664.890939393616,24001.32591702497
2019-05-03,0.0,0.0,0.016013170547127586,-0.016013170547127586,0.0,0,17664.890939393616,24385.66324229148
2019-05-06,0.0,0.0,-0.006146708230805542,0.006146708230805542,0.0,0,17664.890939393616,24235.771685326436
2019-05-07,-0.027957022253815134,-0.026957022253815133,-0.019558528630993055,-0.008398493622822079,0.5,1,17171.03319028977,23761.755650924766
2019-05-08,0.00019718032389026696,0.00019718032389026696,-0.0025340235200043137,0.0027312038438945807,0.0,1,17174.418980175764,23701.542803228727
2019-05-09,-0.010744208981181336,-0.010744208981181336,-0.005405236394065094,-0.005338972587116242,0.0,1,16989.893433522386,23573.430361473223
2019-05-10,-0.013853464637817337,-0.013853464637817337,0.0012499607080944664,-0.015103425345911803,0.0,1,16754.5245456408,23602.89622318006
2019-05-13,-0.058119484729958204,-0.058119484729958204,-0.03484665052843161,-0.023272834201526593,0.0,1,15780.76021215272,22780.414347032067
2019-05-14,-0.001,0.0,0.011022643487556438,-0.01202264348755644,0.5,0,15764.979451940568,23031.51473287822
2019-05-15,0.0,0.0,0.014184335260868597,-0.014184335260868597,0.0,0,15764.979451940568,23358.201459415
2019-05-16,-0.00539974858496861,-0.00439974858496861,0.010091825482679617,-0.015491574067648228,0.5,1,15679.852526452893,23593.928352132683
2019-05-17,-0.001,0.0,-0.010262492586440408,0.009262492586440407,0.5,0,15664.17267392644,23351.795837333913
2019-05-20,0.0,0.0,-0.016952334111855927,0.016952334111855927,0.0,0,15664.17267392644,22955.928392187587
2019-05-21,0.0,0.0,0.010491903720974527,-0.010491903720974527,0.0,0,15664.17267392644,23196.779782704
2019-05-22,0.0,0.0,-0.004473512215299125,0.004473512215299125,0.0,0,15664.17267392644,23093.008704990476
2019-05-23,0.0,0.0,-0.015367051917182795,0.015367051917182795,0.0,0,15664.17267392644,22738.137241296932
2019-05-24,0.0,0.0,-0.00050708286363077,0.00050708286363077,0.0,0,15664.17267392644,22726.607121550987
2019-05-28,0.0,0.0,-0.0037768653966376853,0.0037768653966376853,0.0,0,15664.17267392644,22640.771785530622
2019-05-29,0.0,0.0,-0.008261386434759266,0.008261386434759266,0.0,0,15664.17267392644,22453.727620629157
2019-05-30,0.0,0.0,0.004222158939565901,-0.004222158939565901,0.0,0,15664.17267392644,22548.53082742917
2019-05-31,0.0,0.0,-0.016022200671945597,0.016022200671945597,0.0,0,15664.17267392644,22187.253741654553
2019-06-03,0.0,0.0,-0.022114979056254036,0.022114979056254036,0.0,0,15664.17267392644,21696.583089842068
2019-06-04,0.0,0.0,0.028283651548359767,-0.028283651548359767,0.0,0,15664.17267392644,22310.241685745194
2019-06-05,0.0,0.0,0.007465009869537909,-0.007465009869537909,0.0,0,15664.17267392644,22476.787860121058
2019-06-06,0.0,0.0,0.007979673052944669,-0.007979673052944669,0.0,0,15664.17267392644,22656.14527852522
2019-06-07,0.0,0.0,0.019395429800417086,-0.019395429800417086,0.0,0,15664.17267392644,23095.57095382291
2019-06-10,0.011779384678070604,0.012779384678070604,0.011704289650594113,7.509502747649055e-05,0.5,1,15848.686989516338,23365.8882059123
2019-06-11,0.011579603290038598,0.011579603290038598,0.00137072086124701,0.010208882428791588,0.0,1,16032.208497522934,23397.916316317707
2019-06-12,-0.001,0.0,-0.0058039009293360255,0.0048039009293360255,0.5,0,16016.17628902541,23262.117128064907
2019-06-13,0.0,0.0,0.005947929688579601,-0.005947929688579601,0.0,0,16016.17628902541,23400.478565150137
2019-06-14,0.0,0.0,-0.004270327391832307,0.004270327391832307,0.0,0,16016.17628902541,23300.550860551393
2019-06-17,0.004966587130746159,0.005966587130746159,0.00604808387411393,-0.0010814967433677705,0.5,1,16095.722024066248,23441.474546469064
2019-06-18,-0.001,0.0,0.014592094829755542,-0.015592094829755543,0.5,0,16079.626302042183,23783.53476600044
2019-06-19,0.0,0.0,0.0037706215729216286,-0.0037706215729216286,0.0,0,16079.626302042183,23873.213475269455
2019-06-20,0.0,0.0,0.009337479798705806,-0.009337479798705806,0.0,0,16079.626302042183,24096.129123824976
2019-06-21,0.0,0.0,-0.0014886824132507304,0.0014886824132507304,0.0,0,16079.626302042183,24060.25764017092
2019-06-24,0.0,0.0,2.9777748615567035e-05,-2.9777748615567035e-05,0.0,0,16079.626302042183,24060.974100474556
2019-06-25,0.0,0.0,-0.017236091932526176,0.017236091932526176,0.0,0,16079.626302042183,23646.256938892646
2019-06-26,0.020629084201970405,0.021629084201970405,0.004669662919394746,0.01595942128257566,0.5,1,16411.334266963226,23756.676988102674
2019-06-27,-0.001,0.0,0.0038372680823672844,-0.0048372680823672845,0.5,0,16394.922932696263,23847.83772645223
2019-06-28,0.0,0.0,0.0012921463912385356,-0.0012921463912385356,0.0,0,16394.922932696263,23878.652623909307
2019-07-01,0.0,0.0,0.013550028484789145,-0.013550028484789145,0.0,0,16394.922932696263,24202.209047141663
2019-07-02,0.0,0.0,0.003978833270240845,-0.003978833270240845,0.0,0,16394.922932696263,24298.505601711753
2019-07-03,0.0,0.0,0.0075562437294078855,-0.0075562437294078855,0.0,0,16394.922932696263,24482.11103229867
2019-07-05,0.0,0.0,-0.0020453386659134987,0.0020453386659134987,0.0,0,16394.922932696263,24432.03682398112
2019-07-08,0.0,0.0,-0.0070419771124160535,0.0070419771124160535,0.0,0,16394.922932696263,24259.98697985694
2019-07-09,0.005099390064838506,0.006099390064838506,0.005027852484335904,7.15375805026017e-05,0.5,1,16478.52703981305,24381.96261566357
2019-07-10,0.009888690117388244,0.009888690117388244,0.010005399291469708,-0.00011670917408146408,0.0,1,16641.478087300762,24625.913887142968
2019-07-11,-0.001,0.0,-0.0007299366399632357,-0.00027006336003676436,0.5,0,16624.836609213464,24607.938530304164
2019-07-12,0.006682775721967738,0.007682775721967738,0.005791582277941076,0.000891193444026662,0.5,1,16735.936663687196,24750.457430992938
2019-07-15,-0.001,0.0,0.0032163103237548007,-0.004216310323754801,0.5,0,16719.200727023508,24830.062582745893
2019-07-16,0.0,0.0,-0.005170965865307742,0.005170965865307742,0.0,0,16719.200727023508,24701.667176697058
2019-07-17,0.0,0.0,-0.004937951553395603,0.004937951553395603,0.0,0,16719.200727023508,24579.691540890428
2019-07-18,0.0,0.0,0.0011492003211979185,-0.0011492003211979185,0.0,0,16719.200727023508,24607.938530304164
2019-07-19,0.0,0.0,-0.0073568747874041,0.0073568747874041,0.0,0,16719.200727023508,24426.901007760578
2019-07-22,0.021854040179426604,0.022854040179426605,0.00798959381386588,0.013864446365560723,0.5,1,17084.58281147978,24622.062024944098
2019-07-23,-0.001,0.0,0.006570457477742986,-0.007570457477742986,0.5,0,17067.4982286683,24783.840236493343
2019-07-24,0.0,0.0,0.007045629355060923,-0.007045629355060923,0.0,0,17067.4982286683,24958.45798879472
2019-07-25,0.0,0.0,-0.009517074385919089,0.009517074385919089,0.0,0,17067.4982286683,24720.926487557525
2019-07-26,0.0,0.0,0.01033565057541841,-0.01033565057541841,0.0,0,17067.4982286683,24976.433345633526
2019-07-29,0.0,0.0,-0.0034442436571536783,0.0034442436571536783,0.0,0,17067.4982286683,24890.40842350451
2019-07-30,0.0,0.0,-0.004333080405823475,0.004333080405823475,0.0,0,17067.4982286683,24782.55628247168
2019-07-31,0.0,0.0,-0.013884753627765867,0.013884753627765867,0.0,0,17067.4982286683,24438.45659422332
2019-08-01,0.0,0.0,-0.004991134984424606,0.004991134984424606,0.0,0,17067.4982286683,24316.48095855055
2019-08-02,-0.022158182599408938,-0.021158182599408937,-0.014784505106753554,-0.007373677492655384,0.5,1,16689.313486402378,23956.973821640582
2019-08-05,-0.052347809037354365,-0.052347809037354365,-0.035479338683342854,-0.01686847035401151,0.0,1,15815.664491051644,23106.99623359462
2019-08-06,0.018930381722883194,0.018930381722883194,0.014058096256654329,0.004872285466228865,0.0,1,16115.0610570683,23431.83661084864
2019-08-07,0.010355329944141012,0.010355329944141012,0.005424732774396368,0.004930597169744644,0.0,1,16281.93783138422,23558.948062875814
2019-08-08,0.022055868154911007,0.022055868154911007,0.021854353464462628,0.00020151469044837889,0.0,1,16641.05010549969,24073.81364109282
2019-08-09,-0.008240401581547485,-0.008240401581547485,-0.009440127436823875,0.00119972585527639,0.0,1,16503.921169891717,23846.553772430554
2019-08-12,-0.0025374396759290097,-0.0025374396759290097,-0.011522259004742907,0.008984819328813898,0.0,1,16462.04346550683,23571.787603494082
2019-08-13,0.042348363924922916,0.042348363924922916,0.022005859256045035,0.02034250466887788,0.0,1,17159.18407313201,24090.505043909958
2019-08-14,-0.02976503803266184,-0.02976503803266184,-0.03000626739461154,0.0002412293619497019,0.0,1,16648.44030658579,23367.638907891156
2019-08-15,-0.004981504328226194,-0.004981504328226194,-0.0011538622065478954,-0.0038276421216782985,0.0,1,16565.50602914032,23340.675872499083
2019-08-16,0.02359472589265965,0.02359472589265965,0.016117722630746734,0.007477003261912918,0.0,1,16956.364603171085,23716.874412226185
2019-08-19,0.01864406779377048,0.01864406779377048,0.015970335775318034,0.002673732018452446,0.0,1,17272.500214368498,24095.640860130487
2019-08-20,-0.001,0.0,-0.007779718077387088,0.006779718077387088,0.5,0,17255.227714154127,23908.183567344702
2019-08-21,0.0,0.0,0.008914787416700154,-0.008914787416700154,0.0,0,17255.227714154127,24121.319941367023
2019-08-22,0.0,0.0,-0.003246969814324596,0.003246969814324596,0.0,0,17255.227714154127,24042.99874363574
2019-08-23,0.0,0.0,-0.031774433549773495,0.031774433549773495,0.0,0,17255.227714154127,23279.0460777188
2019-08-26,0.01799921044028363,0.01899921044028363,0.015167604606953766,0.0028316058333298644,0.5,1,17565.808188976203,23632.133444252693
2019-08-27,-0.011283839413758767,-0.011283839413758767,-0.00211890341748755,-0.009164935996271217,0.0,1,17367.598430198905,23582.059235935143
2019-08-28,0.006710423188745818,0.006710423188745818,0.0035934507298820417,0.003116972458863776,0.0,1,17484.14236543774,23666.80020390864
2019-08-29,0.016931834774555732,0.016931834774555732,0.015353110516766133,0.0015787242577895988,0.0,1,17780.18097514414,24030.159203017472
2019-08-30,-0.0012918042292772158,-0.0012918042292772158,-0.002404392423169144,0.001112588193891928,0.0,1,17757.212462163134,23972.38127030219
2019-09-03,-0.014563571896703764,-0.014563571896703764,-0.009747869283550092,-0.004815702613153672,0.0,1,17498.604021785377,23738.70163126386
2019-09-04,0.016966456001763275,0.016966456001763275,0.014495303643531354,0.0024711523582319206,0.0,1,17795.49331701328,24082.801319512222
2019-09-05,0.01955160379515064,0.01955160379515064,0.018393381442004086,0.001158222353146554,0.0,1,18143.423751686772,24525.76547037401
2019-09-06,-0.001,0.0,-0.000994673422547221,-5.326577452779112e-06,0.5,0,18125.28032793509,24501.370343293005
2019-09-09,0.0,0.0,-0.002096134287735363,0.002096134287735363,0.0,0,18125.28032793509,24450.012180819926
2019-09-10,0.0,0.0,-0.002888238779240826,0.002888238779240826,0.0,0,18125.28032793509,24379.39470748637
2019-09-11,0.0,0.0,0.00942713219901603,-0.00942713219901603,0.0,0,18125.28032793509,24609.222484325834
2019-09-12,0.0,0.0,0.004173895574218767,-0.004173895574218767,0.0,0,18125.28032793509,24711.938809138126
2019-09-13,0.0,0.0,-0.0035850214285735316,0.0035850214285735316,0.0,0,18125.28032793509,24623.345978965768
2019-09-16,0.004257142860026098,0.005257142860026098,-0.00448436411949682,0.008741506979522917,0.5,1,18202.44223566913,24512.92592975574
2019-09-17,0.0036380172767980223,0.0036380172767980223,0.004818836149803607,-0.0011808188730055846,0.0,1,18268.663035002413,24631.049703363504
2019-09-18,0.009379247852909556,0.009379247852909556,-0.0004170196790137526,0.009796267531923308,0.0,1,18440.009353548987,24620.778070922435
2019-09-19,-0.001,0.0,0.0016687746333519105,-0.0026687746333519105,0.5,0,18421.56934419544,24661.864600820576
2019-09-20,-0.015618030413431572,-0.01461803041343157,-0.010620714717146429,-0.004997315696285143,0.5,1,18133.860713914655,24399.93797250237
2019-09-23,0.004546915912527316,0.004546915912527316,0.0004437007310369445,0.004103215181490372,0.0,1,18216.313853750307,24410.764242818022
2019-09-24,-0.004754937828436501,-0.004754937828436501,-0.013334106042417138,0.008579168213980637,0.0,1,18129.69641391244,24085.268523827846
2019-09-25,0.01538956266764191,0.01538956266764191,0.011270825408508989,0.004118737259132921,0.0,1,18408.704513019668,24356.729380276967
2019-09-26,-0.005157670914602397,-0.005157670914602397,-0.0036974629294972416,-0.0014602079851051553,0.0,1,18313.758473177357,24266.671276309597
2019-09-27,-0.004866069403519191,-0.004866069403519191,-0.012458977884348577,0.007592908480829386,0.0,1,18224.64245340759,23964.333355551298
2019-09-30,0.023535325841885557,0.023535325841885557,0.009556071921269949,0.013979253920615609,0.0,1,18653.565351900394,24193.338248642234
2019-10-01,-0.001,0.0,-0.008189354725643971,0.007189354725643971,0.5,0,18634.911786548495,23995.210419726613
2019-10-02,0.0,0.0,-0.017264582026912834,0.017264582026912834,0.0,0,18634.911786548495,23580.94314118221
2019-10-03,0.007494702218508898,0.008494702218508898,0.011020846615174218,-0.0035261443966653197,0.5,1,18774.574901256856,23840.825098582325
2019-10-04,0.028031881181839635,0.028031881181839635,0.014786113676949597,0.013245767504890038,0.0,1,19300.861554128438,24193.338248642234
2019-10-07,-0.001,0.0,-0.0030311247988943357,0.0020311247988943357,0.5,0,19281.560692574312,24120.005221108735
2019-10-08,0.0,0.0,-0.015041684340604045,0.015041684340604045,0.0,0,19281.560692574312,23757.199716279098
2019-10-09,0.010720142610613714,0.011720142610613715,0.009801850764294961,0.0009182918463187528,0.5,1,19488.26177295391,23990.064242475615
2019-10-10,-0.001,0.0,0.00777609129543122,-0.008776091295431221,0.5,0,19468.773511180956,24176.613172208366
2019-10-11,0.0,0.0,0.012931103016835976,-0.012931103016835976,0.0,0,19468.773511180956,24489.243447736386
2019-10-14,0.0,0.0,-0.00010507015857486035,0.00010507015857486035,0.0,0,19468.773511180956,24486.670359043954
2019-10-15,0.0,0.0,0.0127673657059173,-0.0127673657059173,0.0,0,19468.773511180956,24799.300634438114
2019-10-16,0.0,0.0,-0.0024901560489464236,0.0024901560489464236,0.0,0,19468.773511180956,24737.54650595363
2019-10-17,0.0,0.0,0.0026523956841990604,-0.0026523956841990604,0.0,0,19468.773511180956,24803.160267543695
2019-10-18,0.0,0.0,-0.00964785314772143,0.00964785314772143,0.0,0,19468.773511180956,24563.863019683035
2019-10-21,0.0,0.0,0.008903833169316977,-0.008903833169316977,0.0,0,19468.773511180956,24782.575558004246
2019-10-22,0.0,0.0,-0.007994642382987971,0.007994642382987971,0.0,0,19468.773511180956,24584.447729088624
2019-10-23,0.0,0.0,0.0019362704937531117,-0.0019362704937531117,0.0,0,19468.773511180956,24632.049869831673
2019-10-24,0.0,0.0,0.009767103978157499,-0.009767103978157499,0.0,0,19468.773511180956,24872.63366210548
2019-10-25,0.0,0.0,0.008017420909419926,-0.008017420909419926,0.0,0,19468.773511180956,25072.048035300388
2019-10-28,0.0,0.0,0.009903580991927896,-0.009903580991927896,0.0,0,19468.773511180956,25320.35109365149
2019-10-29,0.0,0.0,-0.0077740345664359944,0.0077740345664359944,0.0,0,19468.773511180956,25123.509809015148
2019-10-30,-0.0011233096275701229,-0.00012330962757012287,0.004864834317291011,-0.005988143944861134,0.5,1,19446.904050458863,25245.731521704845
2019-10-31,0.02260955355557437,0.02260955355557437,0.0004586477931547428,0.022150905762419626,0.0,1,19886.58986907783,25257.31042075385
2019-11-01,-0.001,0.0,0.009117813166474642,-0.010117813166474643,0.5,0,19866.703279208752,25487.601858257935
2019-11-04,0.0,0.0,0.006208703162027707,-0.006208703162027707,0.0,0,19866.703279208752,25645.846812507807
2019-11-05,0.0,0.0,0.0005518237700929962,-0.0005518237700929962,0.0,0,19866.703279208752,25659.998800383113
2019-11-06,0.0,0.0,-0.002256215830840569,0.002256215830840569,0.0,0,19866.703279208752,25602.104304870336
2019-11-07,0.0,0.0,0.0033668510201037005,-0.0033668510201037005,0.0,0,19866.703279208752,25688.302775865992
2019-11-08,0.0,0.0,0.004006630895836638,-0.004006630895836638,0.0,0,19866.703279208752,25791.226323429382
2019-11-11,0.0,0.0,-0.0013468416292146124,0.0013468416292146124,0.0,0,19866.703279208752,25756.489626148494
2019-11-12,0.0,0.0,0.0028971173050316157,-0.0028971173050316157,0.0,0,19866.703279208752,25831.109197961276
2019-11-13,0.0,0.0,0.00024903002610976444,-0.00024903002610976444,0.0,0,19866.703279208752,25837.54191975929
2019-11-14,0.0,0.0,-0.0007966976736168974,0.0007966976736168974,0.0,0,19866.703279208752,25816.957210219836
2019-11-15,0.0,0.0,0.007375329373166872,-0.007375329373166872,0.0,0,19866.703279208752,26007.365773058165
2019-11-18,0.0,0.0,0.0007914953678538339,-0.0007914953678538339,0.0,0,19866.703279208752,26027.95048259762
2019-11-19,0.0,0.0,0.0014828801168349504,-0.0014828801168349504,0.0,0,19866.703279208752,26066.54681285023
2019-11-20,0.0,0.0,-0.0060214500587145725,0.0060214500587145725,0.0,0,19866.703279208752,25909.588403013502
2019-11-21,-0.005483453010245331,-0.004483453010245331,-0.002234481482771944,-0.003248971527473387,0.5,1,19757.765145308724,25851.69390750073
2019-11-22,-0.0008778290954101209,-0.0008778290954101209,0.0006469624966827237,-0.0015247915920928445,0.0,1,19740.421204203893,25868.418983934604
2019-11-25,0.01753380701726881,0.01753380701726881,0.011886466595972589,0.005647340421296221,0.0,1,20086.545940038002,26175.903082077766
2019-11-26,-0.001,0.0,0.001916848075046218,-0.002916848075046218,0.5,0,20066.459394097965,26226.07831151324
2019-11-27,0.012432214618423365,0.013432214618423366,0.007014996251252459,0.005417218367170906,0.5,1,20315.92992391727,26410.054152553563
2019-11-29,-0.001,0.0,-0.004579133673031643,0.0035791336730316434,0.5,0,20295.613993993353,26289.118984277015
2019-12-02,0.0,0.0,-0.010277039416861422,0.010277039416861422,0.0,0,20295.613993993353,26018.94467224104
2019-12-03,-0.01883010296598775,-0.01783010296598775,-0.007861984922542753,-0.010968118043444997,0.5,1,19913.445492728515,25814.384121527408
2019-12-04,0.00882636346329968,0.00882636346329968,0.005083503926666788,0.003742859536632892,0.0,1,20089.20880045394,25945.611644573677
2019-12-05,0.0146710475962879,0.0146710475962879,0.001983448084390327,0.012687599511897574,0.0,1,20383.938538937167,25997.073418288444
2019-12-06,-0.001,0.0,0.01073890580560044,-0.011738905805600441,0.5,0,20363.55460039823,26276.25354094872
2019-12-09,0.0,0.0,-0.00455348871599226,0.00455348871599226,0.0,0,20363.55460039823,26156.60491695146
2019-12-10,0.004844447779665307,0.005844447779665307,-0.0008361656219596503,0.005680613401624957,0.5,1,20462.204777268224,26134.733663132727
2019-12-11,-0.001,0.0,0.005316556537921624,-0.006316556537921624,0.5,0,20441.74257249096,26273.680452256296
2019-12-12,0.0,0.0,0.00749195701227201,-0.00749195701227201,0.0,0,20441.74257249096,26470.521736758772
2019-12-13,0.0,0.0,0.003304997773705187,-0.003304997773705187,0.0,0,20441.74257249096,26558.006752167574
2019-12-16,0.0,0.0,0.010076103445590956,-0.010076103445590956,0.0,0,20441.74257249096,26825.60797551112
2019-12-17,0.0,0.0,0.000575514715964065,-0.000575514715964065,0.0,0,20441.74257249096,26841.04650766571
2019-12-18,0.0,0.0,0.0007669115857151798,-0.0007669115857151798,0.0,0,20441.74257249096,26861.63121720516
2019-12-19,0.0,0.0,0.006274276780021015,-0.006274276780021015,0.0,0,20441.74257249096,27030.168526224756
2019-12-20,0.0,0.0,0.0040457117062158154,-0.0040457117062158154,0.0,0,20441.74257249096,27139.52479545229
2019-12-23,0.0,0.0,0.0026492578625383345,-0.0026492578625383345,0.0,0,20441.74257249096,27211.42439490219
2019-12-24,0.0,0.0,0.0005212019044711358,-0.0005212019044711358,0.0,0,20441.74257249096,27225.60704112019
2019-12-26,0.0,0.0,0.00885581668780655,-0.00885581668780655,0.0,0,20441.74257249096,27466.712026290606
2019-12-27,0.0,0.0,-0.0008449488413395656,0.0008449488413395656,0.0,0,20441.74257249096,27443.504059788585
