date,code,score,pool_rank,w,my_ma50_gap,my_struct_gap,my_dd_from_high_21,my_atr_pct
2018-01-02,US.AAPL,1.0,1.0,1.0,0.012835616423839236,-0.006989434573242828,-0.023580092960267973,0.012337662339679862
2018-01-03,US.AAPL,1.0,1.0,1.0,0.010693462336525128,-0.005768449161564977,-0.02375014170151024,0.012912550493857531
2018-01-04,US.AAPL,1.0,1.0,1.0,0.013316422420577512,-0.003912616305004449,-0.01921550843992026,0.012667084981433888
2018-01-08,US.AAPL,1.0,1.0,1.0,0.016645350840537754,0.003326641816150553,-0.011733363558296794,0.012812896882156918
2018-01-09,US.AAPL,1.0,1.0,1.0,0.014460258737215348,0.004279240523386074,-0.011846729401971401,0.012166990354037498
2018-01-10,US.AAPL,1.0,1.0,1.0,0.01283370182354937,0.006179356246066068,-0.012073461065050917,0.011759956719740923
2018-01-22,US.AAPL,1.0,1.0,1.0,0.02212777162796109,0.01996327683706534,-0.012607385908101065,0.012363599674610414
2018-01-23,US.AAPL,1.0,1.0,1.0,0.02218978648409986,0.020345684592262363,-0.012384246334295024,0.012179249240242634
2018-01-24,US.AAPL,1.0,1.0,1.0,0.006027387132646389,0.015299621169746914,-0.02811558629956601,0.012995473701647704
2018-01-25,US.AAPL,1.0,1.0,1.0,-0.011524797084998428,0.005893869442311572,-0.04546468815701732,0.0144965227043814
2018-01-26,US.AAPL,1.0,1.0,1.0,-0.008932379032870919,-0.0024896507461226324,-0.04323329241895657,0.01429612600828459
2018-01-29,US.AAPL,1.0,1.0,1.0,-0.029066722461075667,-0.012377947127082706,-0.06303692958827489,0.015772037561374404
2018-01-30,US.AAPL,1.0,1.0,1.0,-0.03455413829518528,-0.023836617356869903,-0.06855963405788912,0.016554299748086854
2018-01-31,US.AAPL,1.0,1.0,1.0,-0.03148330041587777,-0.030439586692182025,-0.06599352894717658,0.01676990811020957
2018-02-01,US.AAPL,1.0,1.0,1.0,-0.029192502022388656,-0.03301943020664392,-0.06404105768234458,0.01701633091202001
2018-02-02,US.AAPL,1.0,1.0,1.0,-0.0702960455467373,-0.04433333333492507,-0.10465246011505103,0.020280373834428076
2018-02-06,US.AAPL,1.0,1.0,1.0,-0.05250371954300537,-0.05340121450206228,-0.09053888206584526,0.02442144741405545
2018-02-07,US.AAPL,1.0,1.0,1.0,-0.07112090799223703,-0.05982512223022268,-0.11000780988639702,0.026066458929446455
2018-02-12,US.AAPL,1.0,1.0,1.0,-0.04423151959340077,-0.054047052810255417,-0.08862351445337868,0.031800379619907226
2018-02-13,US.AAPL,1.0,1.0,1.0,-0.03388360791564671,-0.04772346630866314,-0.07949350604014749,0.031057565364032723
2018-02-14,US.AAPL,1.0,1.0,1.0,-0.015725448145466614,-0.033441941964592777,-0.06252177257219782,0.030605395538033396
2018-02-15,US.AAPL,1.0,1.0,1.0,0.01686083731818666,-0.009399841885856092,-0.031042847807954077,0.031175141313571846
2018-02-16,US.AAPL,1.0,1.0,1.0,0.013154717146082406,0.010689503435478254,-0.029849960498216976,0.030708053613276852
2018-02-20,US.AAPL,1.0,1.0,1.0,0.009328534207382999,0.022652064043567986,-0.025358046442489512,0.03064262531207459
2018-02-21,US.AAPL,1.0,1.0,1.0,0.004459751285645686,0.0321582697973788,-0.029781792291803444,0.0312733206071457
2018-03-01,US.AAPL,1.0,1.0,1.0,0.023871541284099074,0.05362514904487252,-0.022182488677100376,0.024297959183412356
2018-03-02,US.AAPL,1.0,1.0,1.0,0.03088980476299419,0.05147743613529293,-0.015421579040486466,0.02259073994680303
2018-03-05,US.AAPL,1.0,1.0,1.0,0.03409689598976562,0.04406885486920331,-0.012013186561724676,0.020791927224226382
2018-03-06,US.AAPL,1.0,1.0,1.0,0.03285385134490593,0.03626809820205924,-0.012851315875014313,0.0204133614734691
2018-03-07,US.AAPL,1.0,1.0,1.0,0.023178625592875646,0.02946001928160001,-0.022014862833503623,0.01968234017117726
2018-03-08,US.AAPL,1.0,1.0,1.0,0.03402474657611454,0.026234870387811932,-0.011342683139685006,0.018004489013635206
2018-03-14,US.AAPL,1.0,1.0,1.0,0.03776946905285494,0.020239296121265883,-0.01804974685417393,0.01807730489853848
2018-03-15,US.AAPL,1.0,1.0,1.0,0.038134725623545584,0.018972851944946693,-0.016894122830083957,0.017664227743691082
2018-03-16,US.AAPL,1.0,1.0,1.0,0.03369419813892871,0.015425233122785684,-0.020360994925819775,0.016767778903939223
2018-03-19,US.AAPL,1.0,1.0,1.0,0.017548927967697914,0.0075213919029152,-0.035329077700109957,0.017859180183477225
2018-03-20,US.AAPL,1.0,1.0,1.0,0.01708841304398523,0.0011584113249066543,-0.03565925598935471,0.017577933938410697
2018-03-21,US.AAPL,1.0,1.0,1.0,-0.0056795777361274835,-0.0072458690956090244,-0.05750605327544123,0.016677927085660845
2018-03-22,US.AAPL,1.0,1.0,1.0,-0.019185591408490743,-0.017876813739902714,-0.07082324455657507,0.017014256104149743
2018-03-23,US.AAPL,1.0,1.0,1.0,-0.04093503594719328,-0.030959742939777404,-0.09233986352995094,0.01817977100133831
2018-03-26,US.AAPL,1.0,1.0,1.0,0.004803646109426296,-0.030691092205315157,-0.04925159585659222,0.019852983739123378
2018-03-27,US.AAPL,1.0,1.0,1.0,-0.020045138704399723,-0.03671141737405966,-0.07362976007382138,0.022849165808376485
2018-03-28,US.AAPL,1.0,1.0,1.0,-0.029856788450928207,-0.03938010572060082,-0.08386528725160525,0.024280050804667035
2018-03-29,US.AAPL,1.0,1.0,1.0,-0.021072636105479714,-0.0381988318058238,-0.07671142417717103,0.025032781026971294
2018-04-02,US.AAPL,1.0,1.0,1.0,-0.026143794185679137,-0.03350431965483435,-0.08276469293065647,0.026080770684576076
2018-04-03,US.AAPL,1.0,1.0,1.0,-0.01507725268306992,-0.03586317477338387,-0.07335461148771749,0.025648791499064193
2018-04-04,US.AAPL,1.0,1.0,1.0,0.004305521045195437,-0.029905017190300656,-0.055635042922788536,0.027053035540279644
2018-04-05,US.AAPL,1.0,1.0,1.0,0.011686655824841408,-0.021739004628210695,-0.04908650670023684,0.02705274471017568
2018-04-06,US.AAPL,1.0,1.0,1.0,-0.013598155227254272,-0.01905511343262423,-0.0734096412143248,0.029077935963955446
2018-04-09,US.AAPL,1.0,1.0,1.0,-0.0037723485599089335,-0.011984710379775991,-0.0642196786308824,0.02893938757727509
2018-04-10,US.AAPL,1.0,1.0,1.0,0.014684997577699033,-0.0037085137101206594,-0.046610169495701514,0.02926654298307428
2018-04-11,US.AAPL,1.0,1.0,1.0,0.009330724543190616,-0.0005799118534011582,-0.04184030671457917,0.028676226929179777
2018-04-12,US.AAPL,1.0,1.0,1.0,0.01834564137356276,0.002199379806570208,-0.025244892246669592,0.027772810057066333
2018-04-13,US.AAPL,1.0,1.0,1.0,0.020843126819060087,0.010582040863206611,-0.021942345354109327,0.02645673733667479
2018-04-16,US.AAPL,1.0,1.0,1.0,0.02616562189372651,0.017705608011507196,-0.012358162004298734,0.023570778558222
2018-04-19,US.AAPL,1.0,1.0,1.0,0.002593251958684206,0.026443865748822723,-0.030520646314930344,0.02063740079412671
2018-04-20,US.AAPL,1.0,1.0,1.0,-0.03924642866583816,0.01764421917104697,-0.07024236984832588,0.022769042448578934
2018-04-23,US.AAPL,1.0,1.0,1.0,-0.04321845469065255,0.004799080130676481,-0.07293536804343692,0.02238735000470176
2018-05-01,US.AAPL,1.0,1.0,1.0,-0.01987378339215984,-0.030263157896064076,-0.051279174154639784,0.0211147250197606
2018-05-15,US.AAPL,1.0,1.0,1.0,0.07275775917916172,0.0669658262608127,-0.015160318166423048,0.020392204480968804
2018-05-17,US.AAPL,1.0,1.0,1.0,0.07285794726901895,0.059014942803040454,-0.012255030534669253,0.01994002532653524
2018-05-18,US.AAPL,1.0,1.0,1.0,0.06772513240234268,0.05108622813388444,-0.01584702251778658,0.018586999598955614
2018-05-22,US.AAPL,1.0,1.0,1.0,0.07081926957443607,0.038279244036526015,-0.011357032533280131,0.015647259971333618
2018-05-31,US.AAPL,1.0,1.0,1.0,0.061166089854330474,0.0064540232633973895,-0.012888911462306973,0.012094045511381813
2018-06-08,US.AAPL,1.0,1.0,1.0,0.07086640188214521,0.01976786645761685,-0.011753789059202768,0.012674193305485401
2018-06-11,US.AAPL,1.0,1.0,1.0,0.06537301671981344,0.01849866652652945,-0.014176719254912817,0.012257117453512269
2018-06-13,US.AAPL,1.0,1.0,1.0,0.05662818382821966,0.01183009963150385,-0.01690895969536199,0.011939471119942405
2018-06-14,US.AAPL,1.0,1.0,1.0,0.054861983363348354,0.008349056605220487,-0.016393442620796894,0.011454028151473464
2018-06-15,US.AAPL,1.0,1.0,1.0,0.04210113613321442,0.0049168608350511015,-0.026497577085188073,0.01177716585535364
2018-06-18,US.AAPL,1.0,1.0,1.0,0.039140054122385415,0.0016371728302471318,-0.027013094137854687,0.011836388682891892
2018-06-19,US.AAPL,1.0,1.0,1.0,0.020516852103982908,-0.0049114114902187945,-0.04273636457266616,0.013596393374255979
2018-06-20,US.AAPL,1.0,1.0,1.0,0.02340312248579357,-0.009217158174657037,-0.03856067636723126,0.013315204902374029
2018-06-21,US.AAPL,1.0,1.0,1.0,0.01617030823381249,-0.014245659441846565,-0.04392205383321668,0.013397575141611268
2018-06-22,US.AAPL,1.0,1.0,1.0,0.011941947647705176,-0.017653579925410837,-0.04670584597017324,0.012768455857279601
2018-06-25,US.AAPL,1.0,1.0,1.0,-0.003991138194102795,-0.023373771751781684,-0.06088256522508617,0.013776770521146646
2018-06-26,US.AAPL,1.0,1.0,1.0,0.0073425366851551654,-0.023512985958245518,-0.049231879580796334,0.014459996437475468
2018-06-27,US.AAPL,1.0,1.0,1.0,0.005142622694886301,-0.02518190703776329,-0.05062377564927478,0.015018384634474495
2018-06-28,US.AAPL,1.0,1.0,1.0,0.011535083600294982,-0.024587601077418267,-0.043715847003390707,0.014417019637481095
2018-06-29,US.AAPL,1.0,1.0,1.0,0.007982186814406989,-0.023048457675637575,-0.04572636356134707,0.015419789006355135
2018-07-02,US.AAPL,1.0,1.0,1.0,0.016807085970181213,-0.016198311784576133,-0.03505516032588363,0.01617236273704126
2018-07-03,US.AAPL,1.0,1.0,1.0,-0.0029941867713801917,-0.01448727707706633,-0.05186101660633258,0.01722410364647044
2018-07-05,US.AAPL,1.0,1.0,1.0,0.002519478135258879,-0.010720064724059822,-0.04423136405605732,0.01752581291244403
2018-07-06,US.AAPL,1.0,1.0,1.0,0.013681298775446216,-0.006485077405951309,-0.02837795926740405,0.017549912975966565
2018-07-10,US.AAPL,1.0,1.0,1.0,0.020392179960175394,0.003199369583406024,-0.010037445395583267,0.016017073808614803
2018-07-11,US.AAPL,1.0,1.0,1.0,0.004646687475188482,0.008627847562504056,-0.02288329519481125,0.016695269013265363
2018-07-27,US.AAPL,1.0,1.0,1.0,0.010172604220170411,0.014930882816822793,-0.019710501984791517,0.012908980745677721
2018-07-30,US.AAPL,1.0,1.0,1.0,0.004202729330819555,0.011960928860902102,-0.025202751259155942,0.01374527031664276
2018-07-31,US.AAPL,1.0,1.0,1.0,0.0057887426170968315,0.008271585474141155,-0.02325223281222777,0.013740343686782359
2018-08-21,US.AAPL,1.0,1.0,1.0,0.10496237264639596,0.04366407129605609,-0.01167386708766549,0.01599756698136209
2018-08-22,US.AAPL,1.0,1.0,1.0,0.10235807928782004,0.04327355859106066,-0.011627906992127235,0.014176005153922071
2018-09-06,US.AAPL,1.0,1.0,1.0,0.10274899208296628,0.0402756610484672,-0.023033806274359026,0.016301146185498855
2018-09-07,US.AAPL,1.0,1.0,1.0,0.08978134895645185,0.0342611839128463,-0.030916097382598484,0.016391775868873405
2018-09-10,US.AAPL,1.0,1.0,1.0,0.07162232345785746,0.0237347135079532,-0.04392187774270562,0.017043335448652906
2018-09-11,US.AAPL,1.0,1.0,1.0,0.09448421775580118,0.015773955774714,-0.019749518303324387,0.018082580810097924
2018-09-12,US.AAPL,1.0,1.0,1.0,0.07725284629765872,0.008164834667236874,-0.03192327904212555,0.0191629671285789
2018-09-14,US.AAPL,1.0,1.0,1.0,0.08208000465847531,0.007328895637812754,-0.019793308817513844,0.021273805270208584
2018-09-17,US.AAPL,1.0,1.0,1.0,0.050164802644713236,0.007047457316490242,-0.045892450510497174,0.02316379920823351
2018-09-18,US.AAPL,1.0,1.0,1.0,0.04903549221222803,0.0012577895895273734,-0.04431599229626393,0.02382272465571869
2018-09-19,US.AAPL,1.0,1.0,1.0,0.04677370599836217,-0.001978293718295495,-0.04374671570448452,0.023887046233659323
2018-09-20,US.AAPL,1.0,1.0,1.0,0.05142408500705531,-0.008894241692531403,-0.03647749168367742,0.02307380162505892
2018-09-21,US.AAPL,1.0,1.0,1.0,0.037392512732892236,-0.015168152161473363,-0.046855841655834785,0.023400519815074405
2018-09-24,US.AAPL,1.0,1.0,1.0,0.049296940573663184,-0.013365641556850882,-0.033149413198453326,0.02374169378727661
2018-09-25,US.AAPL,1.0,1.0,1.0,0.05275364389000892,-0.010682298930856544,-0.02701874234266821,0.02312596040638096
2018-09-26,US.AAPL,1.0,1.0,1.0,0.041442202446761556,-0.009071318392871475,-0.03476966194541242,0.02264410800148249
2018-09-27,US.AAPL,1.0,1.0,1.0,0.05932045962159482,-0.004952211601688976,-0.014932562613709344,0.0226199472900601
2018-09-28,US.AAPL,1.0,1.0,1.0,0.05959467958283993,0.002066536725724454,-0.011473112622990111,0.021414332543141283
2018-10-04,US.AAPL,1.0,1.0,1.0,0.05544960441840363,0.024494495370636644,-0.017580902304059842,0.018810348823275806
2018-10-05,US.AAPL,1.0,1.0,1.0,0.03537233746969459,0.02293905211713864,-0.033524367639907404,0.019521919962025215
2018-10-08,US.AAPL,1.0,1.0,1.0,0.02979094050421116,0.01865755016011766,-0.03576507088260683,0.019525788594754862
2018-10-09,US.AAPL,1.0,1.0,1.0,0.04045418121163924,0.015612465286909136,-0.022407032354034073,0.01948057099931035
2018-10-10,US.AAPL,1.0,1.0,1.0,-0.010173249633990022,0.0029372342388009564,-0.06769509199075352,0.022708118744351847
2018-10-11,US.AAPL,1.0,1.0,1.0,-0.02013549935524117,-0.006875728609211279,-0.07592536734122868,0.0239462412152254
2018-10-12,US.AAPL,1.0,1.0,1.0,0.013434189591714052,-0.008212147134954894,-0.04291808504818406,0.02434244293420619
2018-10-15,US.AAPL,1.0,1.0,1.0,-0.009151871908227971,-0.01417004048480486,-0.06338604730588226,0.025439626163920495
2018-10-16,US.AAPL,1.0,1.0,1.0,0.011410119012378539,-0.018993923024010408,-0.04274572326589643,0.025610462687536105
2018-10-17,US.AAPL,1.0,1.0,1.0,0.005683761666111176,-0.015346534653010755,-0.04688240616848005,0.024843250470128964
2018-10-18,US.AAPL,1.0,1.0,1.0,-0.018669893880785993,-0.013332098877614449,-0.06916016717667828,0.027544109672204668
2018-10-19,US.AAPL,1.0,1.0,1.0,-0.004733314275152223,-0.01606173909036526,-0.054983410173119474,0.02763899112172028
2018-10-22,US.AAPL,1.0,1.0,1.0,0.00015683402949151493,-0.012950373892875669,-0.04920929028408316,0.02781104528699284
2018-10-23,US.AAPL,1.0,1.0,1.0,0.008318069504366976,-0.01242984779594037,-0.04024647734976561,0.028949560967168945
2018-10-24,US.AAPL,1.0,1.0,1.0,-0.02673943910391474,-0.017304384207289913,-0.07316757873342616,0.031329443489607575
2018-10-25,US.AAPL,1.0,1.0,1.0,-0.006286885610196191,-0.012322565966614785,-0.05287197827625578,0.030157643312886846
2018-10-26,US.AAPL,1.0,1.0,1.0,-0.022373765077648766,-0.013122977341519048,-0.0679536346641848,0.03160990027067825
2018-10-29,US.AAPL,1.0,1.0,1.0,-0.04026075388471284,-0.0177605540877268,-0.08544835609534118,0.035100862903856216
2018-10-30,US.AAPL,1.0,1.0,1.0,-0.035279027328657175,-0.022768401309366783,-0.08088076871879846,0.03328219811005113
2018-10-31,US.AAPL,1.0,1.0,1.0,-0.010473983223346361,-0.015726948731571745,-0.056922480269455344,0.03242689390309797
2018-11-01,US.AAPL,1.0,1.0,1.0,0.004066510030766857,-0.01201287012574851,-0.025308127551698312,0.031010870820501725
2018-11-02,US.AAPL,1.0,1.0,1.0,-0.06185482171454626,-0.0173173317890826,-0.0854674483150697,0.03732796964644288
2018-11-05,US.AAPL,1.0,1.0,1.0,-0.08728455496841148,-0.02288804007959826,-0.11142945299267248,0.03951088843434438
2018-11-06,US.AAPL,1.0,1.0,1.0,-0.07622911803448218,-0.026328703932324057,-0.10182042580122619,0.03902859666578458
2018-11-07,US.AAPL,1.0,1.0,1.0,-0.04737057034574044,-0.032514884498211445,-0.057378889230013774,0.03723335488041109
2018-11-08,US.AAPL,1.0,1.0,1.0,-0.0495073409414708,-0.043807922775833154,-0.06066783489013017,0.03672930342153871
2018-11-09,US.AAPL,1.0,1.0,1.0,-0.06615026040005578,-0.04278302666574589,-0.07877956831416844,0.03809258186883267
2019-03-22,US.AAPL,1.0,1.0,1.0,0.12477377912422782,0.05033237372449932,-0.02070839100171229,0.01981156765333753
2019-03-29,US.AAPL,1.0,1.0,1.0,0.09485660239814075,0.025396156885347538,-0.026346814300013288,0.02185499943721463
2019-04-01,US.AAPL,1.0,1.0,1.0,0.09773068170239374,0.023815624349559316,-0.01973448152252333,0.02153203155469644
2019-04-25,US.AAPL,1.0,1.0,1.0,0.09829434803161385,0.03247028449002397,-0.010603431648085748,0.013757133114815101
2019-04-26,US.AAPL,1.0,1.0,1.0,0.08907492068938727,0.029243759178737214,-0.015326778475534653,0.014434969584097297
2019-04-29,US.AAPL,1.0,1.0,1.0,0.08680987493106818,0.025695225064668592,-0.013832658571884426,0.013791708268505764
2019-04-30,US.AAPL,1.0,1.0,1.0,0.062467835293262386,0.01706283949044481,-0.032822440716132495,0.014731684571625943
2019-05-06,US.AAPL,1.0,1.0,1.0,0.08623048635502717,0.020347275520803492,-0.01544273908532845,0.020762526038757972
2019-05-07,US.AAPL,1.0,1.0,1.0,0.05380504347221482,0.02238982549821917,-0.04198347107796063,0.023043689525825754
2019-05-08,US.AAPL,1.0,1.0,1.0,0.05089349254525932,0.014036471171131428,-0.041794569068495435,0.0226237414625389
2019-05-09,US.AAPL,1.0,1.0,1.0,0.036826130160536374,0.005764248705204048,-0.052089728465326446,0.02450997836235459
2019-05-10,US.AAPL,1.0,1.0,1.0,0.019850655274894935,-0.007853922176337165,-0.0652215698918559,0.026517017395942487
2019-05-15,US.AAPL,1.0,1.0,1.0,-0.016694446979381383,-0.04911714674759329,-0.09489858060447531,0.03354476799326891
2019-06-07,US.AAPL,1.0,1.0,1.0,-0.018350134881254254,-0.007649224298514782,-0.04901225428132672,0.02539994741286319
2019-06-10,US.AAPL,1.0,1.0,1.0,-0.006275578110091828,0.013664451133102619,-0.02332893803494407,0.023782732224024772
2019-06-14,US.AAPL,1.0,1.0,1.0,-0.006299707984952052,0.04811663380614266,-0.010625737905692212,0.022130516314678203
2019-06-25,US.AAPL,1.0,1.0,1.0,0.008581449562993226,0.04304596819785918,-0.019502657172589144,0.01878980123927694
2019-07-08,US.AAPL,1.0,1.0,1.0,0.03294422272444675,0.02257024297757448,-0.02147644440944363,0.01734547973415798
2019-07-09,US.AAPL,1.0,1.0,1.0,0.03948893853228541,0.019973663289265205,-0.015508047556264226,0.01592703807560176
2019-07-11,US.AAPL,1.0,1.0,1.0,0.04198823540149732,0.013821561336047223,-0.01301306199437835,0.015837210123698094
2019-07-19,US.AAPL,1.0,1.0,1.0,0.048088205132492234,0.012606742684039947,-0.014927550332633932,0.014767228674946984
2019-08-01,US.AAPL,1.0,1.0,1.0,0.05985379783261169,0.018274720530400343,-0.02163912881379282,0.01947484938296452
2019-08-02,US.AAPL,1.0,1.0,1.0,0.03519311562373839,0.015074502501679547,-0.042339466774467316,0.021376755778030027
2019-08-05,US.AAPL,1.0,1.0,1.0,-0.020356956104994217,0.0007318713145418488,-0.09247089749036852,0.025819799316132125
2019-08-06,US.AAPL,1.0,1.0,1.0,-0.003632442526482982,-0.010164974619236093,-0.07529102515523567,0.026393582304086807
2019-08-07,US.AAPL,1.0,1.0,1.0,0.0045706348874312575,-0.023075763666068706,-0.06571535861840971,0.0272750272719816
2019-08-08,US.AAPL,1.0,1.0,1.0,0.02403458450470275,-0.027906405152392927,-0.045108899748938946,0.026809327179748956
2019-08-09,US.AAPL,1.0,1.0,1.0,0.013203711034848187,-0.030001695538503546,-0.052977585881653466,0.02662252498944997
2019-08-12,US.AAPL,1.0,1.0,1.0,0.007983103586739704,-0.021239105805037208,-0.05538059812923146,0.02712420724705997
2019-08-13,US.AAPL,1.0,1.0,1.0,0.04684559183700987,-0.009461099793055946,-0.015377511928264975,0.029333516579685703
2019-08-14,US.AAPL,1.0,1.0,1.0,0.013271021964812002,-0.005390353426390147,-0.04468483773353438,0.031601250660838805
2019-08-15,US.AAPL,1.0,1.0,1.0,0.0062228827734231995,-0.005550788945587366,-0.04944374434918486,0.03274030491293541
2019-08-16,US.AAPL,1.0,1.0,1.0,0.02771096441633314,-0.0012186789298095798,-0.027015630051550943,0.0328610807115963
2019-08-23,US.AAPL,1.0,1.0,1.0,-8.141766595159972e-05,0.0232215495699084,-0.04702784048245012,0.027459247380498267
2019-08-26,US.AAPL,1.0,1.0,1.0,0.017462319286807748,0.019630161047806568,-0.028922121880044616,0.026892232261174497
2019-08-27,US.AAPL,1.0,1.0,1.0,0.00489171809044997,0.014718453335931539,-0.039879608715003734,0.02695484107488766
2019-08-28,US.AAPL,1.0,1.0,1.0,0.010855687130337577,0.009332460897969885,-0.03343679457733728,0.02605472958379193
2019-08-29,US.AAPL,1.0,1.0,1.0,0.02677055529535033,0.0055483202056359855,-0.01707110608395579,0.02573027948106686
2019-08-30,US.AAPL,1.0,1.0,1.0,0.024434133331282304,0.010084520146879942,-0.01834085778619532,0.025882779671678832
2019-09-03,US.AAPL,1.0,1.0,1.0,0.008755042632334398,0.006283190572271218,-0.03263732128188268,0.02378595735752271
2019-09-04,US.AAPL,1.0,1.0,1.0,0.024728132448039064,0.007895545653551864,-0.016224604955663913,0.02250029023487817
2019-09-13,US.AAPL,1.0,1.0,1.0,0.058448808811506714,0.03624571428786383,-0.021646764171033173,0.019942857145095867
2019-09-16,US.AAPL,1.0,1.0,1.0,0.06232282297935998,0.038220782177384574,-0.01650342144271133,0.01919541350210947
2019-09-17,US.AAPL,1.0,1.0,1.0,0.06398382241673906,0.039362256460204935,-0.012925443898248345,0.018051330185005716
2019-09-19,US.AAPL,1.0,1.0,1.0,0.061064079551290895,0.03195940442144348,-0.011762601197696121,0.018227280956633934
2019-09-20,US.AAPL,1.0,1.0,1.0,0.04387477761272063,0.030286363848259217,-0.026208685549078736,0.019100327404556024
2019-09-23,US.AAPL,1.0,1.0,1.0,0.04699586893331342,0.02539433979729283,-0.021780938325921095,0.018252952241657704
2019-09-24,US.AAPL,1.0,1.0,1.0,0.04069763267288784,0.0201706633609022,-0.02643230914677286,0.01883892476624366
2019-09-25,US.AAPL,1.0,1.0,1.0,0.05496800110596389,0.014474279510638285,-0.011449528157195799,0.018417603300166133
2019-09-26,US.AAPL,1.0,1.0,1.0,0.04779547658820804,0.010310837236981757,-0.016548146173435807,0.01860729065941936
2019-09-27,US.AAPL,1.0,1.0,1.0,0.041313593518166325,0.009115940040875474,-0.021333691149175604,0.018146160576348342
2019-10-02,US.AAPL,1.0,1.0,1.0,0.03692575515212804,0.00830402812950696,-0.02506790151740257,0.01847056213963668
2019-10-03,US.AAPL,1.0,1.0,1.0,0.0444540688976971,0.007369124169183366,-0.016786143657527064,0.018238319512226844
2019-10-08,US.AAPL,1.0,1.0,1.0,0.05575492962851136,0.009484180033401905,-0.011714965212280326,0.02011503692742477
2019-10-29,US.AAPL,1.0,1.0,1.0,0.09084028644125097,0.0426939043951365,-0.02312788595632942,0.015374743838692336
2019-10-30,US.AAPL,1.0,1.0,1.0,0.08749735681578819,0.03777028693618775,-0.023248343692895856,0.01557630871052078
2019-11-20,US.AAPL,1.0,1.0,1.0,0.10504012346402636,0.03267979332831056,-0.014638712097118423,0.013148187577236509
2019-11-21,US.AAPL,1.0,1.0,1.0,0.09644037583423581,0.02868989449017034,-0.019056533129545805,0.01202872924375896
2019-11-22,US.AAPL,1.0,1.0,1.0,0.09148721664940562,0.022630203633523603,-0.01991763384571721,0.012007203813941327
2019-11-26,US.AAPL,1.0,1.0,1.0,0.093619184359923,0.012820947962059603,-0.010520404351860524,0.013335567445498138
2019-12-02,US.AAPL,1.0,1.0,1.0,0.08058191563606809,0.01196253180031164,-0.013739545997100588,0.013052803497639077
2019-12-03,US.AAPL,1.0,1.0,1.0,0.05773376113109174,0.006321000206087977,-0.031324671443254126,0.01494160724803802
2019-12-04,US.AAPL,1.0,1.0,1.0,0.0631936915444462,0.0032895238926339103,-0.02277479091548107,0.01485181587100181
2019-12-09,US.AAPL,1.0,1.0,1.0,0.07157325611793897,0.0011033268405508656,-0.014000221649092093,0.016260195672729648
